DNPH1	513
Int-Tn_1	3047
Int-Tn_2	3040
KAEIAEFF_00001	0
KAEIAEFF_00008	0
KAEIAEFF_00009	2
KAEIAEFF_00012	81
KAEIAEFF_00014	512
KAEIAEFF_00017	2573
KAEIAEFF_00018	1196
KAEIAEFF_00019	869
KAEIAEFF_00022	670
KAEIAEFF_00027	7
KAEIAEFF_00029	5594
KAEIAEFF_00030	1816
KAEIAEFF_00032	33
KAEIAEFF_00033	769
KAEIAEFF_00034	178
KAEIAEFF_00035	15
KAEIAEFF_00036	46
KAEIAEFF_00037	196
KAEIAEFF_00038	4118
KAEIAEFF_00039	492
KAEIAEFF_00041	220
KAEIAEFF_00043	98
KAEIAEFF_00044	404
KAEIAEFF_00045	0
KAEIAEFF_00046	0
KAEIAEFF_00048	3188
KAEIAEFF_00049	2405
KAEIAEFF_00050	16
KAEIAEFF_00051	6
KAEIAEFF_00052	46
KAEIAEFF_00053	6
KAEIAEFF_00054	547
KAEIAEFF_00055	513
KAEIAEFF_00056	119
KAEIAEFF_00057	715
KAEIAEFF_00063	3158
KAEIAEFF_00071	34
KAEIAEFF_00072	267
KAEIAEFF_00076	2413
KAEIAEFF_00077	1428
KAEIAEFF_00083	442
KAEIAEFF_00084	1939
KAEIAEFF_00087	4840
KAEIAEFF_00092	580
KAEIAEFF_00094	5893
KAEIAEFF_00095	14888
KAEIAEFF_00100	0
KAEIAEFF_00101	27
KAEIAEFF_00102	11
KAEIAEFF_00103	89
KAEIAEFF_00104	15
KAEIAEFF_00106	176
KAEIAEFF_00111	59
KAEIAEFF_00112	9
KAEIAEFF_00114	634
KAEIAEFF_00115	6
KAEIAEFF_00116	645
KAEIAEFF_00117	639
KAEIAEFF_00122	510
KAEIAEFF_00125	1568
KAEIAEFF_00128	1722
KAEIAEFF_00129	7516
KAEIAEFF_00131	4501
KAEIAEFF_00136	7142
KAEIAEFF_00137	153
KAEIAEFF_00144	643
KAEIAEFF_00145	922
KAEIAEFF_00146	4
KAEIAEFF_00147	0
KAEIAEFF_00169	1081
KAEIAEFF_00170	1558
KAEIAEFF_00171	487
KAEIAEFF_00173	586
KAEIAEFF_00174	1070
KAEIAEFF_00179	1389
KAEIAEFF_00180	144
KAEIAEFF_00186	29794
KAEIAEFF_00190	301
KAEIAEFF_00191	3552
KAEIAEFF_00192	1459
KAEIAEFF_00193	2192
KAEIAEFF_00194	918
KAEIAEFF_00195	650
KAEIAEFF_00201	254
KAEIAEFF_00204	48
KAEIAEFF_00205	152
KAEIAEFF_00206	493
KAEIAEFF_00208	388
KAEIAEFF_00209	2207
KAEIAEFF_00212	1006
KAEIAEFF_00213	189
KAEIAEFF_00214	7203
KAEIAEFF_00226	1538
KAEIAEFF_00229	0
KAEIAEFF_00231	38
KAEIAEFF_00233	132
KAEIAEFF_00237	3426
KAEIAEFF_00238	3370
KAEIAEFF_00240	745
KAEIAEFF_00241	2079
KAEIAEFF_00246	91
KAEIAEFF_00252	2139
KAEIAEFF_00255	2562
KAEIAEFF_00256	289
KAEIAEFF_00259	1030
KAEIAEFF_00260	274
KAEIAEFF_00261	193
KAEIAEFF_00262	981
KAEIAEFF_00265	1
KAEIAEFF_00269	942
KAEIAEFF_00271	196
KAEIAEFF_00272	924
KAEIAEFF_00273	843
KAEIAEFF_00274	123
KAEIAEFF_00275	12
KAEIAEFF_00277	198
KAEIAEFF_00278	184
KAEIAEFF_00283	456
KAEIAEFF_00284	411
KAEIAEFF_00285	3187
KAEIAEFF_00286	3989
KAEIAEFF_00288	188
KAEIAEFF_00289	37
KAEIAEFF_00290	172
KAEIAEFF_00291	4372
KAEIAEFF_00292	2448
KAEIAEFF_00293	278
KAEIAEFF_00294	30
KAEIAEFF_00295	2
KAEIAEFF_00296	1
KAEIAEFF_00297	4
KAEIAEFF_00298	0
KAEIAEFF_00299	0
KAEIAEFF_00300	10
KAEIAEFF_00301	0
KAEIAEFF_00305	286
KAEIAEFF_00306	1691
KAEIAEFF_00307	3
KAEIAEFF_00308	22
KAEIAEFF_00312	15344
KAEIAEFF_00315	558
KAEIAEFF_00317	105
KAEIAEFF_00318	2
KAEIAEFF_00321	1711
KAEIAEFF_00322	2023
KAEIAEFF_00324	7
KAEIAEFF_00326	31
KAEIAEFF_00332	1000
KAEIAEFF_00335	2309
KAEIAEFF_00348	1682
KAEIAEFF_00349	97
KAEIAEFF_00351	0
KAEIAEFF_00352	18430
KAEIAEFF_00354	26875
KAEIAEFF_00355	7203
KAEIAEFF_00362	46
KAEIAEFF_00363	32
KAEIAEFF_00364	2769
KAEIAEFF_00365	1301
KAEIAEFF_00366	2780
KAEIAEFF_00368	6396
KAEIAEFF_00377	436
KAEIAEFF_00378	1232
KAEIAEFF_00379	858
KAEIAEFF_00381	32
KAEIAEFF_00382	0
KAEIAEFF_00387	5136
KAEIAEFF_00391	128
KAEIAEFF_00398	1356
KAEIAEFF_00399	4653
KAEIAEFF_00403	151
KAEIAEFF_00405	94
KAEIAEFF_00406	24553
KAEIAEFF_00417	641
KAEIAEFF_00418	1094
KAEIAEFF_00419	2171
KAEIAEFF_00420	1162
KAEIAEFF_00426	214
KAEIAEFF_00427	2199
KAEIAEFF_00431	2
KAEIAEFF_00432	53
KAEIAEFF_00433	17
KAEIAEFF_00434	8
KAEIAEFF_00436	9406
KAEIAEFF_00437	6
KAEIAEFF_00438	32
KAEIAEFF_00439	77
KAEIAEFF_00440	7
KAEIAEFF_00445	3297
KAEIAEFF_00452	5678
KAEIAEFF_00456	0
KAEIAEFF_00460	65988
KAEIAEFF_00461	4503
KAEIAEFF_00463	8880
KAEIAEFF_00464	13
KAEIAEFF_00465	29
KAEIAEFF_00466	2595
KAEIAEFF_00467	1282
KAEIAEFF_00468	19
KAEIAEFF_00469	160
KAEIAEFF_00471	1275
KAEIAEFF_00515	12120
KAEIAEFF_00516	17272
KAEIAEFF_00532	148
KAEIAEFF_00533	15
KAEIAEFF_00534	148
KAEIAEFF_00535	101
KAEIAEFF_00536	737
KAEIAEFF_00537	678
KAEIAEFF_00538	158
KAEIAEFF_00539	4
KAEIAEFF_00540	271
KAEIAEFF_00541	626
KAEIAEFF_00544	5259
KAEIAEFF_00546	5024
KAEIAEFF_00557	1696
KAEIAEFF_00563	8229
KAEIAEFF_00564	23
KAEIAEFF_00570	1394
KAEIAEFF_00572	6638
KAEIAEFF_00596	12597
KAEIAEFF_00598	655
KAEIAEFF_00599	759
KAEIAEFF_00601	4916
KAEIAEFF_00602	5085
KAEIAEFF_00606	664
KAEIAEFF_00610	13
KAEIAEFF_00615	8
KAEIAEFF_00628	0
KAEIAEFF_00632	27
KAEIAEFF_00633	379
KAEIAEFF_00634	8
KAEIAEFF_00636	119
KAEIAEFF_00641	560
KAEIAEFF_00644	119
KAEIAEFF_00646	150
KAEIAEFF_00647	0
KAEIAEFF_00649	65
KAEIAEFF_00650	8
KAEIAEFF_00651	8
KAEIAEFF_00652	40
KAEIAEFF_00653	26
KAEIAEFF_00655	107
KAEIAEFF_00658	72
KAEIAEFF_00659	63
KAEIAEFF_00661	649
KAEIAEFF_00662	18
KAEIAEFF_00664	63
KAEIAEFF_00665	20
KAEIAEFF_00666	1
KAEIAEFF_00667	9
KAEIAEFF_00669	5
KAEIAEFF_00670	15
KAEIAEFF_00671	8
KAEIAEFF_00674	793
KAEIAEFF_00676	98
KAEIAEFF_00679	19
KAEIAEFF_00680	32
KAEIAEFF_00681	14
KAEIAEFF_00682	110
KAEIAEFF_00683	1
KAEIAEFF_00685	379
KAEIAEFF_00689	72
KAEIAEFF_00693	1712
KAEIAEFF_00694	169
KAEIAEFF_00697	185
KAEIAEFF_00699	2456
KAEIAEFF_00702	36
KAEIAEFF_00706	98
KAEIAEFF_00707	3458
KAEIAEFF_00708	10083
KAEIAEFF_00709	183
KAEIAEFF_00713	56
KAEIAEFF_00714	3030
KAEIAEFF_00717	1550
KAEIAEFF_00718	2353
KAEIAEFF_00728	3502
KAEIAEFF_00729	2377
KAEIAEFF_00731	10763
KAEIAEFF_00732	2573
KAEIAEFF_00734	2217
KAEIAEFF_00736	7094
KAEIAEFF_00751	13054
KAEIAEFF_00752	1180
KAEIAEFF_00753	772
KAEIAEFF_00754	2464
KAEIAEFF_00755	1128
KAEIAEFF_00768	1747
KAEIAEFF_00769	451693
KAEIAEFF_00771	278
KAEIAEFF_00772	3095
KAEIAEFF_00787	2
KAEIAEFF_00818	0
KAEIAEFF_00822	1737
KAEIAEFF_00823	2857
KAEIAEFF_00825	3889
KAEIAEFF_00827	67760
KAEIAEFF_00830	3086
KAEIAEFF_00831	3389
KAEIAEFF_00832	1939
KAEIAEFF_00833	111
KAEIAEFF_00834	2153
KAEIAEFF_00836	179
KAEIAEFF_00837	460
KAEIAEFF_00841	29
KAEIAEFF_00844	364
KAEIAEFF_00849	171
KAEIAEFF_00850	35
KAEIAEFF_00852	419
KAEIAEFF_00853	885
KAEIAEFF_00855	106
KAEIAEFF_00860	7834
KAEIAEFF_00861	113
KAEIAEFF_00871	10
KAEIAEFF_00875	24
KAEIAEFF_00877	8
KAEIAEFF_00886	12198
KAEIAEFF_00889	9231
KAEIAEFF_00890	6881
KAEIAEFF_00892	3217
KAEIAEFF_00893	2134
KAEIAEFF_00899	23
KAEIAEFF_00900	14
KAEIAEFF_00901	35
KAEIAEFF_00902	6
KAEIAEFF_00906	2909
KAEIAEFF_00907	26082
KAEIAEFF_00908	1866
KAEIAEFF_00909	1485
KAEIAEFF_00910	326
KAEIAEFF_00911	509
KAEIAEFF_00920	10105
KAEIAEFF_00922	468
KAEIAEFF_00933	0
KAEIAEFF_00934	5766
KAEIAEFF_00940	806
KAEIAEFF_00945	1156
KAEIAEFF_00949	310
KAEIAEFF_00950	268
KAEIAEFF_00953	6793
KAEIAEFF_00957	2214
KAEIAEFF_00958	1739
KAEIAEFF_00965	212
KAEIAEFF_00966	451
KAEIAEFF_00967	46
KAEIAEFF_00970	1169
KAEIAEFF_00975	879
KAEIAEFF_00977	76
KAEIAEFF_00978	538
KAEIAEFF_00982	61
KAEIAEFF_00983	93
KAEIAEFF_00984	23
KAEIAEFF_00985	200
KAEIAEFF_00987	1068
KAEIAEFF_00988	5235
KAEIAEFF_00991	5358
KAEIAEFF_00994	1876
KAEIAEFF_00996	6200
KAEIAEFF_01000	777
KAEIAEFF_01001	700
KAEIAEFF_01002	1395
KAEIAEFF_01003	2397
KAEIAEFF_01004	2140
KAEIAEFF_01005	6867
KAEIAEFF_01006	5359
KAEIAEFF_01007	11856
KAEIAEFF_01008	2388
KAEIAEFF_01009	1328
KAEIAEFF_01010	3988
KAEIAEFF_01011	3254
KAEIAEFF_01012	477
KAEIAEFF_01013	138
KAEIAEFF_01014	1192
KAEIAEFF_01015	112
KAEIAEFF_01016	3245
KAEIAEFF_01017	4498
KAEIAEFF_01018	9975
KAEIAEFF_01019	356
KAEIAEFF_01020	305
KAEIAEFF_01021	740
KAEIAEFF_01022	257
KAEIAEFF_01023	745
KAEIAEFF_01024	272
KAEIAEFF_01025	580
KAEIAEFF_01026	429
KAEIAEFF_01027	508
KAEIAEFF_01028	6
KAEIAEFF_01029	0
KAEIAEFF_01030	0
KAEIAEFF_01031	0
KAEIAEFF_01033	1093
KAEIAEFF_01034	597
KAEIAEFF_01035	207
KAEIAEFF_01036	448
KAEIAEFF_01037	797
KAEIAEFF_01038	1940
KAEIAEFF_01039	198
KAEIAEFF_01040	200
KAEIAEFF_01041	1582
KAEIAEFF_01042	352
KAEIAEFF_01043	1189
KAEIAEFF_01044	577
KAEIAEFF_01045	1722
KAEIAEFF_01046	407
KAEIAEFF_01047	541
KAEIAEFF_01048	589
KAEIAEFF_01049	895
KAEIAEFF_01050	441
KAEIAEFF_01051	694
KAEIAEFF_01052	541
KAEIAEFF_01053	55
KAEIAEFF_01054	2981
KAEIAEFF_01055	677
KAEIAEFF_01057	0
KAEIAEFF_01058	0
KAEIAEFF_01059	0
KAEIAEFF_01060	160
KAEIAEFF_01061	0
KAEIAEFF_01062	0
KAEIAEFF_01063	0
KAEIAEFF_01066	0
KAEIAEFF_01067	0
KAEIAEFF_01068	0
KAEIAEFF_01069	0
KAEIAEFF_01070	0
KAEIAEFF_01071	2
KAEIAEFF_01072	1
KAEIAEFF_01074	1846
KAEIAEFF_01075	3668
KAEIAEFF_01077	3293
KAEIAEFF_01080	2564
KAEIAEFF_01086	11294
KAEIAEFF_01087	4226
KAEIAEFF_01092	0
KAEIAEFF_01095	1685
KAEIAEFF_01100	2821
KAEIAEFF_01102	5523
KAEIAEFF_01104	0
KAEIAEFF_01108	2397
KAEIAEFF_01112	5131
KAEIAEFF_01113	22
KAEIAEFF_01114	0
KAEIAEFF_01115	3
KAEIAEFF_01117	478
KAEIAEFF_01119	659
KAEIAEFF_01128	14970
KAEIAEFF_01129	482
KAEIAEFF_01133	61
KAEIAEFF_01134	80562
KAEIAEFF_01139	6874
KAEIAEFF_01141	12053
KAEIAEFF_01156	732
KAEIAEFF_01158	3842
KAEIAEFF_01160	4648
KAEIAEFF_01161	1640
KAEIAEFF_01162	4880
KAEIAEFF_01163	1
KAEIAEFF_01164	1775
KAEIAEFF_01167	1862
KAEIAEFF_01171	0
KAEIAEFF_01174	0
KAEIAEFF_01176	1147
KAEIAEFF_01181	12374
KAEIAEFF_01206	3
KAEIAEFF_01211	9
KAEIAEFF_01212	955
KAEIAEFF_01213	1242
KAEIAEFF_01222	178
KAEIAEFF_01223	344
KAEIAEFF_01224	265
KAEIAEFF_01225	0
KAEIAEFF_01227	42
KAEIAEFF_01228	2
KAEIAEFF_01229	56
KAEIAEFF_01230	37
KAEIAEFF_01231	94
KAEIAEFF_01232	67
KAEIAEFF_01233	230
KAEIAEFF_01240	727
KAEIAEFF_01241	54
KAEIAEFF_01247	11
KAEIAEFF_01254	4831
KAEIAEFF_01255	73
KAEIAEFF_01256	685
KAEIAEFF_01258	13
KAEIAEFF_01261	21164
KAEIAEFF_01266	3812
KAEIAEFF_01267	2081
KAEIAEFF_01269	1590
KAEIAEFF_01270	4108
KAEIAEFF_01274	599
KAEIAEFF_01275	1834
KAEIAEFF_01279	0
KAEIAEFF_01283	0
KAEIAEFF_01285	2179
KAEIAEFF_01290	16598
KAEIAEFF_01291	22842
KAEIAEFF_01292	287
KAEIAEFF_01293	1636
KAEIAEFF_01294	133
KAEIAEFF_01301	2355
KAEIAEFF_01303	5862
KAEIAEFF_01304	365
KAEIAEFF_01305	1189
KAEIAEFF_01307	4164
KAEIAEFF_01308	461
KAEIAEFF_01313	4427
KAEIAEFF_01314	9943
KAEIAEFF_01316	3210
KAEIAEFF_01318	695
KAEIAEFF_01321	5889
KAEIAEFF_01333	2713
KAEIAEFF_01339	773
KAEIAEFF_01340	985
KAEIAEFF_01341	1788
KAEIAEFF_01342	1320
KAEIAEFF_01343	2223
KAEIAEFF_01345	13995
KAEIAEFF_01346	503
KAEIAEFF_01347	37
KAEIAEFF_01350	501
KAEIAEFF_01356	7370
KAEIAEFF_01358	2515
KAEIAEFF_01360	360
KAEIAEFF_01361	32
KAEIAEFF_01362	317
KAEIAEFF_01363	340
KAEIAEFF_01365	146
KAEIAEFF_01367	5145
KAEIAEFF_01369	9
KAEIAEFF_01376	429
KAEIAEFF_01377	1381
KAEIAEFF_01379	3350
KAEIAEFF_01382	7663
KAEIAEFF_01386	7
KAEIAEFF_01393	3371
KAEIAEFF_01404	19
KAEIAEFF_01416	654
KAEIAEFF_01420	1825
KAEIAEFF_01423	7969
KAEIAEFF_01424	3959
KAEIAEFF_01425	6255
KAEIAEFF_01430	199
KAEIAEFF_01431	271
KAEIAEFF_01434	3290
KAEIAEFF_01436	490
KAEIAEFF_01437	426
KAEIAEFF_01441	2608
KAEIAEFF_01443	2630
KAEIAEFF_01444	1093
KAEIAEFF_01446	451
KAEIAEFF_01448	7218
KAEIAEFF_01449	3313
KAEIAEFF_01450	1608
KAEIAEFF_01451	3427
KAEIAEFF_01452	33
KAEIAEFF_01453	4632
KAEIAEFF_01454	2613
KAEIAEFF_01455	48203
KAEIAEFF_01456	1079
KAEIAEFF_01458	9046
KAEIAEFF_01459	411
KAEIAEFF_01460	988
KAEIAEFF_01461	1700
KAEIAEFF_01462	140
KAEIAEFF_01465	0
KAEIAEFF_01478	548
KAEIAEFF_01484	1298
KAEIAEFF_01485	1360
KAEIAEFF_01486	51
KAEIAEFF_01487	1117
KAEIAEFF_01490	16964
KAEIAEFF_01493	3845
KAEIAEFF_01496	6244
KAEIAEFF_01498	2395
KAEIAEFF_01500	51
KAEIAEFF_01501	459
KAEIAEFF_01505	8540
KAEIAEFF_01506	391
KAEIAEFF_01510	14
KAEIAEFF_01511	0
KAEIAEFF_01514	791
KAEIAEFF_01518	1682
KAEIAEFF_01519	55
KAEIAEFF_01520	80
KAEIAEFF_01521	54
KAEIAEFF_01523	107
KAEIAEFF_01524	3698
KAEIAEFF_01526	514
KAEIAEFF_01531	2768
KAEIAEFF_01534	4339
KAEIAEFF_01535	1803
KAEIAEFF_01552	17724
KAEIAEFF_01553	12
KAEIAEFF_01554	1094
KAEIAEFF_01555	14716
KAEIAEFF_01560	5176
KAEIAEFF_01562	363
KAEIAEFF_01563	1040
KAEIAEFF_01566	0
KAEIAEFF_01568	5
KAEIAEFF_01569	138
KAEIAEFF_01571	197
KAEIAEFF_01573	2690
KAEIAEFF_01576	7
KAEIAEFF_01577	72
KAEIAEFF_01578	55
KAEIAEFF_01579	57
KAEIAEFF_01580	6
KAEIAEFF_01581	15
KAEIAEFF_01582	569
KAEIAEFF_01584	35
KAEIAEFF_01592	6679
KAEIAEFF_01594	9483
KAEIAEFF_01595	1889
KAEIAEFF_01596	1083
KAEIAEFF_01598	73
KAEIAEFF_01601	509
KAEIAEFF_01602	352
KAEIAEFF_01603	7271
KAEIAEFF_01604	4291
KAEIAEFF_01605	461
KAEIAEFF_01606	916
KAEIAEFF_01609	1408
KAEIAEFF_01610	1732
KAEIAEFF_01611	278
KAEIAEFF_01616	4489
KAEIAEFF_01618	3
KAEIAEFF_01623	1033
KAEIAEFF_01624	180
KAEIAEFF_01627	282
KAEIAEFF_01628	261
KAEIAEFF_01629	130
KAEIAEFF_01635	257
KAEIAEFF_01636	1591
KAEIAEFF_01641	152
KAEIAEFF_01642	2070
KAEIAEFF_01644	148
KAEIAEFF_01646	43
KAEIAEFF_01650	0
KAEIAEFF_01651	3241
KAEIAEFF_01652	22116
KAEIAEFF_01653	11970
KAEIAEFF_01654	25648
KAEIAEFF_01655	55
KAEIAEFF_01656	174
KAEIAEFF_01657	42
KAEIAEFF_01658	38
KAEIAEFF_01659	5726
KAEIAEFF_01660	56177
KAEIAEFF_01661	1869
KAEIAEFF_01662	9619
KAEIAEFF_01665	1109
KAEIAEFF_01669	4535
KAEIAEFF_01671	553
KAEIAEFF_01672	543
KAEIAEFF_01673	689
KAEIAEFF_01674	537
KAEIAEFF_01675	7
KAEIAEFF_01677	537
KAEIAEFF_01678	10
KAEIAEFF_01681	1
KAEIAEFF_01682	1
KAEIAEFF_01687	5
KAEIAEFF_01689	33
KAEIAEFF_01691	766
KAEIAEFF_01693	27
KAEIAEFF_01696	1336
KAEIAEFF_01697	307
KAEIAEFF_01698	289
KAEIAEFF_01699	4787
KAEIAEFF_01703	0
KAEIAEFF_01706	4
KAEIAEFF_01709	16905
KAEIAEFF_01710	542
KAEIAEFF_01711	3628
KAEIAEFF_01712	2
KAEIAEFF_01713	1
KAEIAEFF_01716	4412
KAEIAEFF_01717	3188
KAEIAEFF_01718	1480
KAEIAEFF_01720	715
KAEIAEFF_01721	384
KAEIAEFF_01724	791
KAEIAEFF_01726	0
KAEIAEFF_01727	11319
KAEIAEFF_01731	22417
KAEIAEFF_01738	2104
KAEIAEFF_01739	2740
KAEIAEFF_01743	145
KAEIAEFF_01745	1152
KAEIAEFF_01748	730
KAEIAEFF_01749	1120
KAEIAEFF_01750	52
KAEIAEFF_01751	153
KAEIAEFF_01752	133
KAEIAEFF_01756	146
KAEIAEFF_01771	51
KAEIAEFF_01783	538
KAEIAEFF_01784	2727
KAEIAEFF_01785	9311
KAEIAEFF_01789	700
KAEIAEFF_01790	3592
KAEIAEFF_01792	1702
KAEIAEFF_01798	4619
KAEIAEFF_01799	193
KAEIAEFF_01800	444
KAEIAEFF_01801	373
KAEIAEFF_01802	284
KAEIAEFF_01803	4
KAEIAEFF_01804	946
KAEIAEFF_01805	101
KAEIAEFF_01806	82
KAEIAEFF_01808	10810
KAEIAEFF_01810	7035
KAEIAEFF_01811	6090
KAEIAEFF_01822	107
KAEIAEFF_01824	1022
KAEIAEFF_01828	763
KAEIAEFF_01839	1706
KAEIAEFF_01867	9914
KAEIAEFF_01868	2504
KAEIAEFF_01869	637
KAEIAEFF_01872	871
KAEIAEFF_01881	4208
KAEIAEFF_01883	31
KAEIAEFF_01885	14
KAEIAEFF_01887	0
KAEIAEFF_01888	3
KAEIAEFF_01890	48
KAEIAEFF_01891	19
KAEIAEFF_01892	53
KAEIAEFF_01893	24
KAEIAEFF_01894	1
KAEIAEFF_01895	0
KAEIAEFF_01896	0
KAEIAEFF_01898	131
KAEIAEFF_01900	412
KAEIAEFF_01901	286
KAEIAEFF_01902	173
KAEIAEFF_01903	20
KAEIAEFF_01904	170
KAEIAEFF_01905	106
KAEIAEFF_01906	1375
KAEIAEFF_01907	396
KAEIAEFF_01908	430
KAEIAEFF_01909	724
KAEIAEFF_01910	229
KAEIAEFF_01911	136
KAEIAEFF_01912	149
KAEIAEFF_01913	129
KAEIAEFF_01914	1740
KAEIAEFF_01915	3541
KAEIAEFF_01916	496
KAEIAEFF_01917	392
KAEIAEFF_01918	3021
KAEIAEFF_01919	3
KAEIAEFF_01920	1
KAEIAEFF_01921	591
KAEIAEFF_01922	853
KAEIAEFF_01923	1953
KAEIAEFF_01924	474
KAEIAEFF_01925	401
KAEIAEFF_01926	790
KAEIAEFF_01927	4092
KAEIAEFF_01928	3947
KAEIAEFF_01929	2575
KAEIAEFF_01930	9949
KAEIAEFF_01931	483
KAEIAEFF_01932	147
KAEIAEFF_01933	2660
KAEIAEFF_01934	2551
KAEIAEFF_01935	3443
KAEIAEFF_01938	1713
KAEIAEFF_01939	5974
KAEIAEFF_01942	22632
KAEIAEFF_01943	40
KAEIAEFF_01944	0
KAEIAEFF_01945	937
KAEIAEFF_01946	498
KAEIAEFF_01947	7
KAEIAEFF_01948	1193
KAEIAEFF_01950	16990
KAEIAEFF_01951	30
KAEIAEFF_01952	13858
KAEIAEFF_01953	62
KAEIAEFF_01954	4
KAEIAEFF_01955	0
KAEIAEFF_01956	118
KAEIAEFF_01957	7
KAEIAEFF_01965	94
KAEIAEFF_01966	107
KAEIAEFF_01969	315
KAEIAEFF_01970	1352
KAEIAEFF_01972	142
KAEIAEFF_01973	0
KAEIAEFF_01975	4
KAEIAEFF_01976	26
KAEIAEFF_01977	6354
KAEIAEFF_01981	38
KAEIAEFF_01982	4
KAEIAEFF_01984	1
KAEIAEFF_01985	626
KAEIAEFF_01989	54
KAEIAEFF_01990	571
KAEIAEFF_01991	1
KAEIAEFF_01992	6
KAEIAEFF_01993	67
KAEIAEFF_01994	8
KAEIAEFF_01995	13
KAEIAEFF_01996	13
KAEIAEFF_01997	63
KAEIAEFF_01998	259
KAEIAEFF_02000	135
KAEIAEFF_02001	36
KAEIAEFF_02002	7
KAEIAEFF_02003	10
KAEIAEFF_02004	2725
KAEIAEFF_02005	0
KAEIAEFF_02006	0
KAEIAEFF_02007	56
KAEIAEFF_02019	439
KAEIAEFF_02020	217
KAEIAEFF_02021	96
KAEIAEFF_02022	39
KAEIAEFF_02023	8
KAEIAEFF_02024	100
KAEIAEFF_02025	42
KAEIAEFF_02026	1
KAEIAEFF_02028	20
KAEIAEFF_02029	2
KAEIAEFF_02030	32
KAEIAEFF_02031	11
KAEIAEFF_02032	1547
KAEIAEFF_02033	3408
KAEIAEFF_02034	5
KAEIAEFF_02036	0
KAEIAEFF_02037	3
KAEIAEFF_02038	0
KAEIAEFF_02040	38
KAEIAEFF_02043	2
KAEIAEFF_02044	6
KAEIAEFF_02045	0
KAEIAEFF_02046	12
KAEIAEFF_02047	113
KAEIAEFF_02051	644
KAEIAEFF_02052	1283
KAEIAEFF_02058	1649
KAEIAEFF_02059	2963
KAEIAEFF_02063	1
KAEIAEFF_02064	1
KAEIAEFF_02066	248
KAEIAEFF_02067	222
KAEIAEFF_02068	91
KAEIAEFF_02069	9
KAEIAEFF_02070	8
KAEIAEFF_02072	1
KAEIAEFF_02073	768
KAEIAEFF_02074	138
KAEIAEFF_02075	12
KAEIAEFF_02076	1
KAEIAEFF_02077	0
KAEIAEFF_02078	28
KAEIAEFF_02080	3605
KAEIAEFF_02081	32
KAEIAEFF_02082	66
KAEIAEFF_02083	216
KAEIAEFF_02084	23
KAEIAEFF_02085	57
KAEIAEFF_02086	224
KAEIAEFF_02087	42
KAEIAEFF_02092	173
KAEIAEFF_02093	1
KAEIAEFF_02097	744
KAEIAEFF_02100	8485
KAEIAEFF_02101	2321
KAEIAEFF_02104	175
KAEIAEFF_02105	58
KAEIAEFF_02106	20698
KAEIAEFF_02107	50
KAEIAEFF_02109	2890
KAEIAEFF_02111	9777
KAEIAEFF_02113	2060
KAEIAEFF_02123	1
KAEIAEFF_02124	782
KAEIAEFF_02125	950
KAEIAEFF_02140	780
KAEIAEFF_02148	6026
KAEIAEFF_02150	80251
KAEIAEFF_02164	2421
KAEIAEFF_02166	678
KAEIAEFF_02167	0
KAEIAEFF_02172	32044
KAEIAEFF_02173	3555
KAEIAEFF_02178	0
KAEIAEFF_02179	452
KAEIAEFF_02180	3627
KAEIAEFF_02182	79
KAEIAEFF_02183	324
KAEIAEFF_02196	66
KAEIAEFF_02199	261
KAEIAEFF_02202	8847
KAEIAEFF_02205	297
KAEIAEFF_02208	929
KAEIAEFF_02209	2027
KAEIAEFF_02211	3485
KAEIAEFF_02224	3193
KAEIAEFF_02227	2942
KAEIAEFF_02229	2
KAEIAEFF_02230	8
KAEIAEFF_02231	0
KAEIAEFF_02245	2851
KAEIAEFF_02260	14288
KAEIAEFF_02261	2668
KAEIAEFF_02264	11376
KAEIAEFF_02269	893
KAEIAEFF_02275	645
KAEIAEFF_02277	1022
KAEIAEFF_02278	313
KAEIAEFF_02279	4
KAEIAEFF_02280	13
KAEIAEFF_02281	17
KAEIAEFF_02283	722
KAEIAEFF_02286	1285
KAEIAEFF_02287	453
KAEIAEFF_02288	3209
KAEIAEFF_02289	6
KAEIAEFF_02290	5
KAEIAEFF_02291	56
KAEIAEFF_02292	6
KAEIAEFF_02293	0
KAEIAEFF_02294	5
KAEIAEFF_02295	1
KAEIAEFF_02296	45
KAEIAEFF_02297	49
KAEIAEFF_02298	228
KAEIAEFF_02299	37
KAEIAEFF_02300	8
KAEIAEFF_02301	1
KAEIAEFF_02302	13
KAEIAEFF_02303	2
KAEIAEFF_02304	13
KAEIAEFF_02305	3
KAEIAEFF_02306	1351
KAEIAEFF_02308	35704
KAEIAEFF_02310	13676
KAEIAEFF_02313	1488
KAEIAEFF_02314	615
KAEIAEFF_02315	316
KAEIAEFF_02318	143
KAEIAEFF_02319	110
KAEIAEFF_02324	233
KAEIAEFF_02331	3
KAEIAEFF_02335	1221
KAEIAEFF_02337	1340
KAEIAEFF_02338	1553
KAEIAEFF_02339	4356
KAEIAEFF_02340	2598
KAEIAEFF_02341	2248
KAEIAEFF_02344	154
KAEIAEFF_02345	2761
KAEIAEFF_02352	2792
KAEIAEFF_02354	3443
KAEIAEFF_02356	2280
KAEIAEFF_02357	1291
KAEIAEFF_02359	1111
KAEIAEFF_02363	1436
KAEIAEFF_02364	4
KAEIAEFF_02365	1
KAEIAEFF_02370	19094
KAEIAEFF_02373	7769
KAEIAEFF_02375	2090
KAEIAEFF_02376	1747
KAEIAEFF_02378	3263
KAEIAEFF_02380	229
KAEIAEFF_02383	9256
KAEIAEFF_02385	28
KAEIAEFF_02386	36
KAEIAEFF_02387	11036
KAEIAEFF_02388	5834
KAEIAEFF_02390	2673
KAEIAEFF_02391	2565
KAEIAEFF_02394	21
KAEIAEFF_02396	33577
KAEIAEFF_02398	12188
KAEIAEFF_02399	11
KAEIAEFF_02400	898
KAEIAEFF_02402	0
KAEIAEFF_02408	57
KAEIAEFF_02411	62
KAEIAEFF_02412	3131
KAEIAEFF_02413	3768
KAEIAEFF_02422	1032
KAEIAEFF_02424	489
KAEIAEFF_02425	8005
KAEIAEFF_02426	54681
KAEIAEFF_02431	45
KAEIAEFF_02433	807
KAEIAEFF_02444	54
KAEIAEFF_02445	3418
KAEIAEFF_02447	2583
KAEIAEFF_02451	440
KAEIAEFF_02456	134
KAEIAEFF_02457	137
KAEIAEFF_02460	6243
KAEIAEFF_02461	6321
KAEIAEFF_02462	1144
KAEIAEFF_02470	19
KAEIAEFF_02478	1596
KAEIAEFF_02479	75
KAEIAEFF_02480	813
KAEIAEFF_02481	268
KAEIAEFF_02485	2528
KAEIAEFF_02487	267
KAEIAEFF_02488	1617
KAEIAEFF_02490	537
KAEIAEFF_02496	302
KAEIAEFF_02498	4
KAEIAEFF_02503	698
KAEIAEFF_02506	837
KAEIAEFF_02509	75
KAEIAEFF_02510	0
KAEIAEFF_02511	150
KAEIAEFF_02512	46
KAEIAEFF_02513	0
KAEIAEFF_02514	0
KAEIAEFF_02515	2
KAEIAEFF_02516	0
KAEIAEFF_02517	0
KAEIAEFF_02518	0
KAEIAEFF_02521	0
KAEIAEFF_02522	0
KAEIAEFF_02523	0
KAEIAEFF_02524	413
KAEIAEFF_02525	791
KAEIAEFF_02526	396
KAEIAEFF_02527	131
KAEIAEFF_02528	0
KAEIAEFF_02530	105
KAEIAEFF_02531	626
KAEIAEFF_02532	260
KAEIAEFF_02533	66
KAEIAEFF_02534	116
KAEIAEFF_02535	247
KAEIAEFF_02536	722
KAEIAEFF_02537	842
KAEIAEFF_02539	560
KAEIAEFF_02540	854
KAEIAEFF_02541	143
KAEIAEFF_02542	117
KAEIAEFF_02543	173
KAEIAEFF_02544	125
KAEIAEFF_02546	0
KAEIAEFF_02547	0
KAEIAEFF_02548	0
KAEIAEFF_02549	1
KAEIAEFF_02550	0
KAEIAEFF_02551	0
KAEIAEFF_02552	238
KAEIAEFF_02553	361
KAEIAEFF_02554	291
KAEIAEFF_02555	501
KAEIAEFF_02556	146
KAEIAEFF_02557	103
KAEIAEFF_02558	355
KAEIAEFF_02559	1042
KAEIAEFF_02560	29
KAEIAEFF_02561	643
KAEIAEFF_02562	1929
KAEIAEFF_02563	535
KAEIAEFF_02564	327
KAEIAEFF_02565	741
KAEIAEFF_02566	480
KAEIAEFF_02567	3975
KAEIAEFF_02568	1845
KAEIAEFF_02569	840
KAEIAEFF_02570	407
KAEIAEFF_02571	1086
KAEIAEFF_02572	1014
KAEIAEFF_02573	349
KAEIAEFF_02576	2399
KAEIAEFF_02577	808
KAEIAEFF_02578	109
KAEIAEFF_02579	154
KAEIAEFF_02580	462
KAEIAEFF_02588	592
KAEIAEFF_02593	33279
KAEIAEFF_02595	13302
KAEIAEFF_02606	134
KAEIAEFF_02607	1686
KAEIAEFF_02608	201
KAEIAEFF_02612	4428
KAEIAEFF_02617	33295
KAEIAEFF_02619	1100
KAEIAEFF_02620	1274
KAEIAEFF_02627	9756
KAEIAEFF_02629	932
KAEIAEFF_02631	83
KAEIAEFF_02633	1710
KAEIAEFF_02634	120
KAEIAEFF_02635	837
KAEIAEFF_02638	6873
KAEIAEFF_02640	2738
KAEIAEFF_02644	36
KAEIAEFF_02652	10533
KAEIAEFF_02654	4013
KAEIAEFF_02657	1886
KAEIAEFF_02659	16805
KAEIAEFF_02660	11623
KAEIAEFF_02661	13583
KAEIAEFF_02663	2
KAEIAEFF_02665	4572
KAEIAEFF_02675	402
KAEIAEFF_02678	1
KAEIAEFF_02681	38
KAEIAEFF_02682	89
KAEIAEFF_02683	17
KAEIAEFF_02684	525
KAEIAEFF_02686	131
KAEIAEFF_02687	240
KAEIAEFF_02690	3181
KAEIAEFF_02691	9318
KAEIAEFF_02703	6165
KAEIAEFF_02704	1313
KAEIAEFF_02705	600
KAEIAEFF_02707	199
KAEIAEFF_02708	115
KAEIAEFF_02718	1359
KAEIAEFF_02719	7508
KAEIAEFF_02720	2061
KAEIAEFF_02721	1091
KAEIAEFF_02722	355
KAEIAEFF_02724	578
KAEIAEFF_02726	5131
KAEIAEFF_02727	2849
KAEIAEFF_02730	1902
KAEIAEFF_02732	1226
KAEIAEFF_02733	903
KAEIAEFF_02735	116
KAEIAEFF_02740	4024
KAEIAEFF_02742	3700
KAEIAEFF_02748	0
KAEIAEFF_02749	0
KAEIAEFF_02751	0
KAEIAEFF_02752	0
KAEIAEFF_02753	0
KAEIAEFF_02759	32
KAEIAEFF_02760	313
KAEIAEFF_02761	19793
KAEIAEFF_02762	32
KAEIAEFF_02763	372
KAEIAEFF_02764	161
KAEIAEFF_02766	73
KAEIAEFF_02767	149
KAEIAEFF_02768	682
KAEIAEFF_02769	858
KAEIAEFF_02770	254088
KAEIAEFF_02771	63051
KAEIAEFF_02774	1781
KAEIAEFF_02776	5216
KAEIAEFF_02777	72
KAEIAEFF_02778	1058
KAEIAEFF_02780	31
KAEIAEFF_02781	606
KAEIAEFF_02782	1471
KAEIAEFF_02783	1906
KAEIAEFF_02784	287
KAEIAEFF_02785	1480
KAEIAEFF_02787	22
KAEIAEFF_02788	31
KAEIAEFF_02789	1834
KAEIAEFF_02791	28
KAEIAEFF_02792	0
KAEIAEFF_02793	0
KAEIAEFF_02799	2
KAEIAEFF_02800	0
KAEIAEFF_02801	0
KAEIAEFF_02802	0
KAEIAEFF_02803	0
KAEIAEFF_02804	43
KAEIAEFF_02805	82
KAEIAEFF_02807	111
KAEIAEFF_02808	94
KAEIAEFF_02809	37
KAEIAEFF_02810	5
KAEIAEFF_02811	1733
KAEIAEFF_02812	1047
KAEIAEFF_02814	392
KAEIAEFF_02815	28
KAEIAEFF_02816	183
KAEIAEFF_02817	67
KAEIAEFF_02819	44
KAEIAEFF_02820	17
KAEIAEFF_02821	31
KAEIAEFF_02822	22
KAEIAEFF_02823	57
KAEIAEFF_02824	40
KAEIAEFF_02825	1861
KAEIAEFF_02826	440
KAEIAEFF_02828	324
KAEIAEFF_02829	38
KAEIAEFF_02830	619
KAEIAEFF_02835	111
KAEIAEFF_02836	6
KAEIAEFF_02837	26
KAEIAEFF_02838	42
KAEIAEFF_02839	8
KAEIAEFF_02840	14
KAEIAEFF_02841	3
KAEIAEFF_02842	1172
KAEIAEFF_02844	820
KAEIAEFF_02845	254
KAEIAEFF_02846	13
KAEIAEFF_02848	41
KAEIAEFF_02849	81
KAEIAEFF_02850	2
KAEIAEFF_02851	3147
KAEIAEFF_02853	8
KAEIAEFF_02854	7
KAEIAEFF_02855	242
KAEIAEFF_02858	2825
KAEIAEFF_02860	8805
KAEIAEFF_02861	132
KAEIAEFF_02862	95
KAEIAEFF_02863	382
KAEIAEFF_02864	2
KAEIAEFF_02865	857
KAEIAEFF_02866	38
KAEIAEFF_02867	251
KAEIAEFF_02870	39
KAEIAEFF_02871	25
KAEIAEFF_02872	3
KAEIAEFF_02873	9
KAEIAEFF_02874	19
KAEIAEFF_02875	1
KAEIAEFF_02876	840
KAEIAEFF_02877	71
KAEIAEFF_02879	81
KAEIAEFF_02880	79
KAEIAEFF_02881	111
KAEIAEFF_02882	37
KAEIAEFF_02883	31
KAEIAEFF_02884	14
KAEIAEFF_02885	34
KAEIAEFF_02886	89
KAEIAEFF_02887	83
KAEIAEFF_02888	114
KAEIAEFF_02889	60
KAEIAEFF_02890	12
KAEIAEFF_02891	96
KAEIAEFF_02892	3398
KAEIAEFF_02894	0
KAEIAEFF_02895	0
KAEIAEFF_02896	0
KAEIAEFF_02897	4497
KAEIAEFF_02898	2990
KAEIAEFF_02899	987
KAEIAEFF_02900	1797
KAEIAEFF_02901	316
KAEIAEFF_02903	1650
KAEIAEFF_02904	239
KAEIAEFF_02906	0
KAEIAEFF_02907	0
KAEIAEFF_02908	1
KAEIAEFF_02909	24
KAEIAEFF_02910	3899
KAEIAEFF_02911	1220
KAEIAEFF_02913	2460
KAEIAEFF_02914	2
KAEIAEFF_02915	2234
KAEIAEFF_02916	675
KAEIAEFF_02917	140
KAEIAEFF_02918	550
KAEIAEFF_02919	0
KAEIAEFF_02920	18
KAEIAEFF_02930	93
KAEIAEFF_02931	330
KAEIAEFF_02936	8
KAEIAEFF_02939	211
KAEIAEFF_02943	12
KAEIAEFF_02945	964
KAEIAEFF_02946	642
KAEIAEFF_02947	600
KAEIAEFF_02948	296
KAEIAEFF_02949	3
KAEIAEFF_02950	17
KAEIAEFF_02951	10
KAEIAEFF_02952	96
KAEIAEFF_02954	21588
KAEIAEFF_02956	399
KAEIAEFF_02957	535
KAEIAEFF_02958	68
KAEIAEFF_02959	59
KAEIAEFF_02960	1543
KAEIAEFF_02961	15
KAEIAEFF_02963	0
KAEIAEFF_02964	218
KAEIAEFF_02965	124
KAEIAEFF_02966	897
KAEIAEFF_02967	111
KAEIAEFF_02968	779
KAEIAEFF_02969	30
KAEIAEFF_02970	754
KAEIAEFF_02972	14
KAEIAEFF_02973	194
KAEIAEFF_02975	436
KAEIAEFF_02976	3010
KAEIAEFF_02977	105
KAEIAEFF_02978	48
KAEIAEFF_02979	118
KAEIAEFF_02980	15
KAEIAEFF_02981	0
KAEIAEFF_02982	47
KAEIAEFF_02984	602
KAEIAEFF_02985	1263
KAEIAEFF_02987	654
KAEIAEFF_02989	230
KAEIAEFF_02990	258
KAEIAEFF_02992	20
KAEIAEFF_02993	354
KAEIAEFF_02998	36
KAEIAEFF_02999	142
KAEIAEFF_03002	64
KAEIAEFF_03004	95
KAEIAEFF_03007	20
KAEIAEFF_03008	4239
KAEIAEFF_03009	389
KAEIAEFF_03010	1
KAEIAEFF_03011	4
KAEIAEFF_03012	203
KAEIAEFF_03013	284
KAEIAEFF_03014	5
KAEIAEFF_03015	0
KAEIAEFF_03016	4
KAEIAEFF_03017	32
KAEIAEFF_03023	5
KAEIAEFF_03024	12
KAEIAEFF_03025	0
KAEIAEFF_03026	90
KAEIAEFF_03030	558
KAEIAEFF_03032	10
KAEIAEFF_03034	3491
KAEIAEFF_03035	0
KAEIAEFF_03037	0
KAEIAEFF_03042	1
KAEIAEFF_03043	14
KAEIAEFF_03044	56
KAEIAEFF_03045	280
KAEIAEFF_03046	533
KAEIAEFF_03050	297
KAEIAEFF_03052	144
KAEIAEFF_03053	574
KAEIAEFF_03054	507
KAEIAEFF_03056	16
KAEIAEFF_03057	19
KAEIAEFF_03058	11987
KAEIAEFF_03061	249
KAEIAEFF_03062	74
KAEIAEFF_03066	6
KAEIAEFF_03067	3
KAEIAEFF_03068	10
KAEIAEFF_03069	30
KAEIAEFF_03070	22
KAEIAEFF_03071	12
KAEIAEFF_03072	25
KAEIAEFF_03073	3
KAEIAEFF_03074	4
KAEIAEFF_03075	3
KAEIAEFF_03076	0
KAEIAEFF_03077	120
KAEIAEFF_03080	2478
KAEIAEFF_03081	1529
KAEIAEFF_03082	97
KAEIAEFF_03084	410
KAEIAEFF_03085	828
KAEIAEFF_03086	6
KAEIAEFF_03087	142
KAEIAEFF_03088	123
KAEIAEFF_03089	1073
KAEIAEFF_03090	314
KAEIAEFF_03091	73
KAEIAEFF_03092	72
KAEIAEFF_03093	412
KAEIAEFF_03094	49
KAEIAEFF_03095	343
KAEIAEFF_03096	226
KAEIAEFF_03097	297
KAEIAEFF_03098	459
KAEIAEFF_03099	0
KAEIAEFF_03100	0
KAEIAEFF_03101	0
KAEIAEFF_03102	92
KAEIAEFF_03103	292
KAEIAEFF_03105	1030
KAEIAEFF_03106	1228
KAEIAEFF_03107	243
KAEIAEFF_03108	19
KAEIAEFF_03109	777
KAEIAEFF_03110	2852
KAEIAEFF_03111	265
KAEIAEFF_03112	1722
KAEIAEFF_03113	1479
KAEIAEFF_03114	3433
KAEIAEFF_03115	404
KAEIAEFF_03116	663
KAEIAEFF_03117	584
KAEIAEFF_03118	701
KAEIAEFF_03119	127
KAEIAEFF_03120	437
KAEIAEFF_03121	79
KAEIAEFF_03122	141
KAEIAEFF_03123	0
KAEIAEFF_03124	0
KAEIAEFF_03125	0
KAEIAEFF_03126	0
KAEIAEFF_03127	0
KAEIAEFF_03128	0
KAEIAEFF_03129	0
KAEIAEFF_03130	21
KAEIAEFF_03131	0
KAEIAEFF_03132	0
KAEIAEFF_03133	3
abfA_1	390
abfA_2	82
abgB_1	0
abgB_2	0
accA	1719
accB	1218
accD	1677
ackA	2638
acpA_1	977
acpA_2	1508
acpP	6465
acpS	987
act	1363
acuI	2057
acuR	832
acyP	4657
adaA	95
addA	21299
addB	18438
adeC	7601
adh	5
adhE	173323
adhR	283
adk	10697
aes_1	75
aes_2	956
afr_1	2549
afr_2	4000
agaC	62
agaS	3447
agaSK_1	296
agaSK_2	186
agaSK_3	738
agrA_1	520
agrA_2	5
agrB	5421
ahpC	291
ahpF	1351
alaA	6379
alaS	9002
albF	3771
aldC	991
algC	6748
alr	6855
alsS	810
ampH	1119
amt	14
anr	873
ansA	1106
apbE	2107
apc1	101
appA	87895
apt	2458
araA	61
araB	30
araC_1	491
araC_2	197
araC_3	70
araC_4	149
araD	69
araN_1	1323
araN_2	18
araQ_1	215
araQ_2	19
araQ_3	82
araQ_4	34
araQ_5	0
araQ_6	26
araQ_7	21
araR_1	926
araR_2	1396
arcA	7055
arcB	2116
arcC1	366
arcD1_1	4683
arcD1_2	7295
argR_1	5065
argR_2	2566
argR_3	3650
argS	192276
arlR_1	860
arlR_2	8823
arlS	16695
aroA	2541
aroB	1535
aroC	2550
aroD	1736
aroE	796
aroF	1055
aroK	506
arsC	153
artM_1	10
artM_2	11294
artM_3	18205
asd	8405
asnB	11537
asnS	9937
aspS	14152
atpA	33521
atpB	9511
atpC	15273
atpD	27297
atpE_1	3084
atpE_2	4475
atpF	7406
atpG	17298
atpH	5230
axe2	971
azoR	2387
bacC	2109
banIM	19
bbmA	120
bca	2033
bceA_1	845
bceA_2	2135
bceB_1	3786
bceB_2	10313
bcr	69
bcrC	720
benM	394
bepA	11071
betI	292
bfrA	187
bglC	3970
bglF_1	526
bglF_2	283
bglF_3	128
bglF_4	28735
bglF_5	487
bglH_1	517
bglH_2	1489
bglH_3	5264
bglK	332
bin3_1	1406
bin3_2	3817
bin3_3	355
bin3_4	122
bin3_5	92
bin3_6	118
bioY2	49849
birA	4474
bmr3	133
brnQ_1	23474
brnQ_2	122
bsaA	3331
bsdC	172
cadA	2908
cah	4620
carA	4841
carB	14995
cas2_1	0
cas2_2	1
catE	8636
catM	680
cbh_1	50
cbh_2	24
cbh_3	6916
cca	6053
ccpA_1	1236
ccpA_2	18055
ccpB	986
cdaA	10252
cdaR_1	26853
cdaR_2	1
cdd	3271
cdr_1	806
cdr_2	1998
cdsA	827
celA_1	801
celA_2	882
celA_3	6474
cfa	2320
cfiB_1	2617
cfiB_2	32701
cggR	3584
chbC	11489
chbR	0
chrR	1455
chvE	2
cinA	2505
citS	31
clcA	2098
clpB	4060
clpC	30610
clpE	23397
clpP_1	3405
clpP_2	423
clpX	37311
clpY	8387
clsA_1	3938
clsA_2	2897
cmk	1281
cmpD	7734
cmtB_1	13
cmtB_2	6
cna	4818
coaA	5826
coaBC_1	2673
coaBC_2	1568
coaD	1333
coaE	1903
cobB	1093
cobQ	2452
codY	4017
coiA	612
comC	43
comEA	60
comEC	1760
comFA	61
comGA	32
comGC	6
copA	3511
copB	5836
copY	489
copZ	335
corA_1	821
corA_2	14039
corC_1	1750
corC_2	9426
cpdA_1	1396
cpdA_2	7113
crr_1	18
crr_2	313
crr_3	124
crtK-2	6518
csbC	18
cshA	12376
cshB	11667
csp	6699
cspD	34368
cspL	14910
cspLA_1	15909
cspLA_2	48838
ctc	17247
ctpE_1	3852
ctpE_2	500
ctsR	2174
cvfB	2901
cwlC	18
cycA	3089
cypC	6221
cysE	1785
cysK	24514
cysL	2618
cysM	3657
cysS	3465
czcD	974
czrA	439
dacA	5446
dagK_1	1148
dagK_2	25463
dapA	7513
dapB	4985
dapE	4314
dapF	10381
dapH	5010
dauA	903
dcuR	701
dcuS_1	979
dcuS_2	1654
ddc	599
ddl_1	5032
ddl_2	1039
def_1	745
def_2	3293
degA_1	1298
degA_2	1259
degA_3	3163
degA_4	606
deoB	12202
deoC	7074
deoD	16107
der_1	4336
der_2	6846
desK	504
desR	476
dgaE	269
dgaF	251
dgaR_1	7702
dgaR_2	6
dgaR_3	181
dgaR_4	6540
dgaR_5	21063
dgaR_6	6467
dgaR_7	758
dgkA	2424
dgs	6506
dhaK	2277
dhaL	1291
dhaM	1003
dhaS	3034
dinB_1	2547
dinB_2	3851
dinB_3	1955
dinB_4	1132
dinF	9463
dinG_1	5376
dinG_2	3804
divIB	10473
divIVA	36481
dltA	1059
dltC	705
dnaA	13330
dnaB	12555
dnaC	3735
dnaD	2081
dnaE	14534
dnaG	11125
dnaI	16577
dnaJ	3795
dnaK	24096
dnaN	7478
dnaX_1	3572
dnaX_2	8916
doc	244
dppC	20893
dppE	262771
dprA	147
dps	31026
drrA	1945
dtd	8042
dtd3_1	2244
dtd3_2	1365
dtpT_1	4430
dtpT_2	2062
dtxR	1126
dus_1	1280
dus_2	2945
dut	2998
dxs	1056
ebgA	122
ecdB	46
ecfA1	5585
ecfA2_1	7094
ecfA2_2	110
ecfT	3340
ecsA_1	1711
ecsA_2	2717
efp	7829
emrB	133
endA	1901
engB	4491
eno	93496
epsF	48
epsH	3346
epsJ_1	2250
epsJ_2	1312
epsJ_3	521
epsJ_4	672
epsL	1491
epsN	2710
era	11267
eriC	392
est	2335
ettA_1	778
ettA_2	5093
exoA	2354
exuR_1	607
exuR_2	2350
exuR_3	2342
ezrA	39142
fabD	1092
fabF	1815
fabG_1	1453
fabG_2	2972
fabG_3	16
fabH	2853
fabI	1682
fabZ_1	864
fabZ_2	1419
fba	69240
fbp	3175
fcbA1	7794
feoB	3249
fepC	797
feuB_1	8444
feuB_2	326
feuC	504
ffh	10468
fhs1	39925
fhuC	11122
fieF	3027
fldH_1	59
fldH_2	14
fliY	784
fmnP	2111
fmt	4504
fni	4937
fnr	500
folA_1	1813
folA_2	514
folA_3	596
folD	5550
folT_1	13077
folT_2	237425
fosX	9
fpgS	4966
fra	747
frlB_1	80
frlB_2	696
frlB_3	210
frmB	618
frr	6679
fruA_1	1998
fruA_2	594
fruA_3	36
fruA_4	53
fruA_5	33
fsaA	39
ftsA	28999
ftsE	8809
ftsH	55161
ftsK_1	227
ftsK_2	53
ftsL_1	7393
ftsL_2	3489
ftsL_3	51
ftsW_1	8361
ftsW_2	682
ftsX	12762
ftsY	6185
ftsZ	30218
fucO	50
fur	1931
fus	77354
gabR	77
gadC_1	300
gadC_2	14
galE	8590
galK_1	327
galK_2	725
galM_1	186
galM_2	3363
galT	10791
ganB	46
gap_1	52111
gap_2	106658
garB	5044
garK	1566
gatA_1	10
gatA_2	5933
gatA_3	181
gatB_1	17
gatB_2	14937
gatC_1	32
gatC_2	2660
gatC_3	555
gbpA	970
gbuB	20482
gcvH	2723
gdh	12254
gdhIV	10715
gdpP	8490
ghrB	1620
gla	5176
glcB	414
glcK	3023
glcR_1	422
glcR_2	257
glcU_1	3365
glcU_2	9101
gldA	7079
glmM	26349
glmS	13227
glmU	14574
glnA	76134
glnH	9289
glnM_1	1288
glnM_2	24648
glnP_1	15976
glnP_2	1782
glnQ_1	6930
glnQ_2	227
glnR	15252
gloA	8706
glpE_1	3019
glpE_2	1949
glpE_3	265
glpF	20
glpK	624
glpO	179
glpQ_1	2046
glpQ_2	1333
glsA	16
gltC_1	285
gltC_2	751
gltX	23123
gluP	539
glvR	53
glxK	73
glxR	8691
glyA	15277
glyQ	526
glyS	5112
gmk_1	33118
gmk_2	67
gmuC_1	797
gmuC_2	64
gmuD_1	587
gmuD_2	421
gmuE_1	242
gmuE_2	360
gmuE_3	43
gmuE_4	90
gmuE_5	270
gmuF	7361
gmuR	1051
gnd	22390
gno	488
gor	7242
gph_1	1690
gph_2	1093
gph_3	952
gpmA_1	34504
gpmA_2	1528
gpmI	361
gpsA_1	13398
gpsA_2	4149
gpsB	7912
graR	3697
graS	3631
greA	6868
groL	51967
groS	1770
grpE	3057
gshAB	10457
gsiC	6184
gspA_1	9233
gspA_2	13771
gtaB_1	16134
gtaB_2	5512
guaA_1	45284
guaA_2	240
guaB	57656
guaC	4564
gyrA	41000
gyrB	18460
hcf136	663
hchA	3738
hdhA	26
helD_1	4339
helD_2	6817
hemN	1604
hepT	2133
hflX	5400
hhaIM	13
hin	6227
hisK	1982
hisS	3610
hmo	448
hmpT	8488
hmuU	17925
hosA	248
hpaIIM	8
hpdA	20
hpf	68191
hprK	4873
hpt	8020
hrcA	2697
hrtA_1	13
hrtA_2	798
hsdR	15449
hsdS	5987
hslO	1852
hslR	980
hslV	1553
hssR	653
hssS	654
htrA	12246
hupA	42913
hxlB	543
hypBA2	10440
iadA	7277
iap_1	4
iap_2	66
icaR	829
iclR	475
ileS	4789
ilvE	7227
immA	434
immR	498
infA	7009
infB	19417
infC	33971
intQ_1	423
intQ_2	632
irtA	277
iscS_1	1829
iscS_2	1771
iscU	4413
ispD	2421
ispE	6787
kbaY	109
kdgA	2679
kdgK	1983
kduI1	906
kfoC	8295
kojP	68
ktrA	12084
kup	13262
lacC_1	235
lacC_2	401
lacD	1712
lacD2	19
lacE_1	29
lacE_2	83
lacF_1	412
lacF_2	20
lacF_3	19
lacF_4	60
lacF_5	7
lacF_6	6
lacG_1	46
lacG_2	25
lacG_3	12
lacL	170
lacM	224
lacR_1	783
lacR_2	50
lacR_3	991
lacS	23
lciA	733
ldh	37201
ldhB	11561
ldtA	6385
lepA	8602
leuS	12326
levD_1	1854
levD_2	52
lexA	3867
lgt	2711
lhpI	41
liaS	3076
licA_1	31
licA_2	9263
licC_1	136
licC_2	54
licC_3	278
licH	1629
licR_1	1652
licR_2	42
licT_1	6191
licT_2	109
licT_3	75
licT_4	4065
ligA_1	6709
ligA_2	1221
lipC	6253
lipL	260
lipO_1	53
lipO_2	103
lolD	22
lon	4153
lplJ	11160
lrgA	367
lrp	425
lrpC	260
lspA	3447
lsrC_1	232
lsrC_2	5206
ltaS1_1	1950
ltaS1_2	24139
ltaS1_3	2296
ltrA_1	0
ltrA_2	10
ltrA_3	0
ltrA_4	5
ltrA_5	2
ltrA_6	2
ltrA_7	0
luxA	1466
luxS	8016
lysA	11684
lysS	29111
lytA_1	0
lytA_2	282
lytA_3	6
lytA_4	0
lytG	7613
lytR_1	15450
lytR_2	2546
maa	3486
macB	477
maf	2354
malF	122
malG	16
malH	109
malL_1	334
malL_2	8046
malP	266
manP	8222
manR_1	80
manR_2	401
manR_3	2186
manX_1	2
manX_2	15
manX_3	52
manX_4	66824
manX_5	22865
manX_6	838
manZ_1	49
manZ_2	2
manZ_3	47
manZ_4	21
manZ_5	13124
manZ_6	601
manZ_7	1486
manZ_8	74
map	9929
mapP	103
mapZ	5267
marR	1524
mazE	16003
mazF	558
mccF	538
mdxE	1752
mecA	20207
melR	3094
menA	120
menH_1	2834
menH_2	68
mepM_1	769
mepM_2	974
metB	4280
metE	1502
metG	22374
metK	6549
metN2	689
metN_1	0
metN_2	0
metP_1	0
metP_2	1371
metP_3	0
metQ_1	0
metQ_2	4902
metQ_3	0
mfd	9661
mfpA	451
mglA	33777
mgsA	1259
mgsR	1323
mgtA	838
mgtB	0
mgtE	3656
mhqA	105
mhqD	41
miaA	2568
misCA	3981
mleS	34
mltG	6131
mngA	10
mngB	210
mngR	1492
mnmA	10825
mnmE	2575
mnmG_1	5628
mnmG_2	2478
mntB_1	1264
mntB_2	1063
mntH	4495
mntR	151
moeZ	121
mprA	731
mprF_1	9207
mprF_2	3001
mraY	4867
mraZ	7508
mreC	11142
mrnC	1526
mro_1	504
mro_2	102
mrp	12691
mscL	4196
mshD_1	3653
mshD_2	1787
msmE	7
msrA_1	2923
msrA_2	4184
msrB	5376
msrC	1960
msrR_1	5374
msrR_2	440
mta	916
mtlA_1	36
mtlA_2	595
mtlA_3	183
mtlD	7
mtlF_1	5
mtlF_2	201
mtlR_1	686
mtlR_2	322
mtnB	54
mtnN	3031
murA1_1	30747
murA1_2	7746
murB	4367
murC	10435
murD	3323
murE	3960
murF_1	3836
murF_2	2447
murG	4086
murI	828
murJ_1	1935
murJ_2	913
murJ_3	1945
murQ	301
murR_1	295
murR_2	137
mutL	7367
mutM	5949
mutS2_1	2068
mutS2_2	21351
mutS_1	7015
mutS_2	3949
mutY	3030
mvaA	7959
mvaS	3526
nadD	3339
nadE	10507
nadR	4198
nagA	9498
nagB	912
nagE	50
nagJ	47
nanE_1	241
nanE_2	136
napA	1142
natA_1	30
natA_2	5279
natA_3	245
natA_4	21
ndk	9333
ndoA	1633
ndvA	560
nfo_1	76
nfo_2	940
nhaC_1	0
nhaC_2	0
nhaC_3	54
nhaC_4	56
nhaC_5	800
nhaK	2180
niaX	31006
nirC	524
nlhH	13159
nnrD	2366
nodM	18
norG	964
noxE	60
nox_1	16292
nox_2	632
npr_1	9312
npr_2	2870
nrdD	11184
nrdE1	27189
nrdF	16039
nrdG	1025
nrdH	9956
nrdR	4309
nrnA	3866
ntcA	428
nth	4268
ntpA	18638
ntpB	25581
ntpC	12271
ntpD	15712
ntpG	3172
ntpJ_1	10600
ntpJ_2	1467
ntpK	2006
nupC	645
nusA	7831
nusB	9363
nusG	2731
nylA	8226
oatA	34148
obg	8723
ogt	3234
ohrA	540
ohrB_1	19482
ohrB_2	66057
ohrR	1296
oppB	22888
oppD_1	12309
oppD_2	43996
oppF_1	12714
oppF_2	39090
opuAA	6356
opuBB	3521
opuCA_1	2646
opuCA_2	2904
opuCB	578
opuCC	1365
opuCD	283
oxyR	7819
padC	106
paiA	194
panE	7072
panT_1	3388
panT_2	1134
parB	4128
parC	22351
parE	10272
patA_1	10836
patA_2	1655
patB	1829
pbp	170884
pbpF	6300
pbpX_1	237
pbpX_2	12586
pbuG	1123
pbuO	46073
pcp	3254
pcrA	7084
pdhA	4019
pdhB	3338
pdhC	10388
pdhD	8903
pdp	4287
pdxK	7461
pehX	169
pelX	153
pemA	43
pemK	13583
penA	15169
pepA	13626
pepC	19849
pepF1_1	6266
pepF1_2	21156
pepO	11180
pepQ	7225
pepS	15182
pepT	2180
pepV	44539
perR	2060
pezT	5248
pfkA	40101
pfkB	69
pflA	1352
pflB	5165
pgaC	3340
pgcA	16162
pgdA	942
pgdS	17
pgi	37192
pgk	67565
pglA	879
pglF	1517
pglH_1	5042
pglH_2	761
pgl_1	30
pgl_2	2212
pgmB	81
pgpH	19117
pgsA	5035
pgsA1	992
phaJ	5231
pheA	1820
pheS	1498
pheT_1	5004
pheT_2	6951
phnW	24
phnX_1	2
phnX_2	18
phoP	3477
phoR_1	3146
phoR_2	1808
phoR_3	3250
phoR_4	11464
phoU	9415
pimA	307
pinR	390
pisA	112
plsC	2223
plsX	13323
plsY	2200
pncB2	7151
pnp	45485
pnuC	1021
polA	9710
polC_1	14290
polC_2	2151
ponA_1	9758
ponA_2	33180
por_1	76
por_2	9656
potA_1	1401
potA_2	452
potB	896
potD	2572
pox5	5696
ppaC	6213
pphA	4293
ppm1	4132
ppnKA	3354
prfA	5440
prfB	4506
prfC	3759
priA	7857
prkC	26145
prmA	1387
prmC_1	1147
prmC_2	724
proA	6719
proB	2619
proC	2425
proS	16638
proX_1	106
proX_2	644
prs	10882
prs2	15464
prsA_1	3878
prsA_2	29161
prsA_3	392
pspB_1	1771
pspB_2	2363
pspB_3	2592
pstA	4735
pstB3_1	6891
pstB3_2	8214
pstC1	5699
pstS1_1	1404
pstS1_2	2641
pta	3723
pth	543
ptsG_1	1400
ptsG_2	400
ptsG_3	51
ptsH	18396
ptsI	106519
pucK	22284
punA	13609
purA	60213
purB	91225
purC	65842
purD	122907
purE	10762
purF	87618
purH	113660
purK	33504
purL	192347
purM	76210
purN	29285
purQ	62781
purR_1	2422
purR_2	3889
purS	16423
puuD	2315
puuR	231
pyk	44658
pyrB	2791
pyrC	3520
pyrDA	10692
pyrDB	2118
pyrE	3742
pyrF	2795
pyrG	2490
pyrH	4573
pyrK_1	2347
pyrK_2	1268
pyrP	2754
pyrR	2385
qorB	285
qseB	1107
queA	11434
queG	11754
queT_1	1458
queT_2	879
radA	8804
rapA	9385
rasP	5773
rbbA	1399
rbfA	9820
rbgA	1949
rbn_1	5703
rbn_2	62
rbsD	1080
rbsK/rbiA	5814
rbsR	505
rclA	7189
recA	27354
recD2	4248
recF	7797
recG	11193
recJ	7951
recN	20636
recO	1191
recQ_1	1348
recQ_2	3333
recR	6351
recU	502
recX	1134
relA	79939
repD	402
repN	389
resA	838
rex_1	6515
rex_2	1080
rfbA	4965
rfbC	3869
rhaA	29
rhaB	190
rhaD	50
rhaM	25
rhgT	77
rho	3992
ribF	677
ribX	1478
ribZ_1	90
ribZ_2	449
ricR	267
rifL	22
rihB	10539
rimI_1	777
rimI_2	418
rimM	1358
rimP	2468
rlmA	413
rlmCD_1	2724
rlmCD_2	1856
rlmH	274
rlmI	2071
rlmL	9827
rlmN	2484
rluB_1	2263
rluB_2	5543
rluD_1	1001
rluD_2	4040
rluD_3	9099
rmd	2880
rmlB	19923
rmlD	6196
rnc	3442
rnhA	116
rnhB	1696
rnhC	975
rnj1	17273
rnj2	28015
rnmV	1562
rnpA	956
rnr	17892
rny_1	54401
rny_2	15487
rnz	2081
rodA	8036
rpe_1	3428
rpe_2	948
rph	4234
rpiA	2597
rpiR	468
rplA	13379
rplB	20260
rplC	24116
rplD	13391
rplE	11117
rplF	15397
rplGA	2910
rplI	4143
rplJ	46077
rplK	15054
rplL	19080
rplM	6108
rplN	10432
rplO	13913
rplP	13552
rplQ	36109
rplR	12889
rplS	7512
rplT	7680
rplU	20856
rplV	9581
rplW	9312
rplX	21689
rpmA	34416
rpmB	8168
rpmC	6158
rpmD	4407
rpmE2	10536
rpmF_1	64
rpmF_2	4040
rpmG2	732
rpmGA_1	85
rpmGA_2	395
rpmH	407
rpmI	5592
rpmJ	10325
rpoA	29129
rpoB	58009
rpoC	54252
rpoE	14647
rpoN1	4932
rpoZ	19392
rppH	658
rpsA	5505
rpsB	12741
rpsC	28885
rpsD	15848
rpsE	20374
rpsF	7502
rpsG	25172
rpsH	11234
rpsI	10332
rpsJ	3774
rpsK	9508
rpsL	20355
rpsM	11044
rpsN1	7152
rpsN2_1	803
rpsN2_2	191
rpsO	18322
rpsP	8730
rpsQ	17506
rpsR	6774
rpsS	8696
rpsT	2790
rpsU	81861
rsfS	2362
rsgA	12112
rsiV	695
rsmA_1	3005
rsmA_2	2775
rsmB	8418
rsmC	2045
rsmD	1468
rsmE	1269
rsmF	986
rsmG	1258
rsmH_1	3919
rsmH_2	16022
rsmI	1046
rspR_1	914
rspR_2	231
rsuA	4333
ruvA	3725
ruvB	7659
sacA	66
sacY	375
sbcC	6915
sbcD	557
scpA	3991
scpB	3416
scrB_1	50
scrB_2	1821
sdhA	3623
sdhB	2838
sdrD	1667
secA	36965
secE	165
secG	3939
secY	40204
sepF	22077
serS	4469
sfsA	2646
sgbE	10
sigA	24318
sigH	18
sigV	281
sipV	6423
sle1	4521
smc_1	11344
smc_2	29379
smc_3	1594
smc_4	556
smc_5	19339
smc_6	1889
smpB	2245
sodA	32652
soj_1	2536
soj_2	3890
soj_3	285
soj_4	2402
soj_5	3108
sorA_1	1
sorA_2	33
sorA_3	17536
sorA_4	1833
sorA_5	7
sorB_1	154
sorB_2	2
sorC_1	34
sorC_2	3261
sorF	19
soxS	485
spoIIIE	9334
sppA	9807
spsB	2011
spxA_1	2934
spxA_2	5330
spxA_3	47542
spxA_4	21
spxA_5	19
srlA	5
srlB	34
srlE	37
srlR	168
srrA_1	4030
srrA_2	2263
srrB	1062
ssaB_1	4089
ssaB_2	1525
ssbA	358
ssb_1	40998
ssb_2	618
ssb_3	1560
sstT	3564
ssuB	1335
steT_1	49
steT_2	2466
stp	8087
sttH	63
sufB_1	17600
sufB_2	13886
sufS	7451
sugC	2629
sugE	94
suhB	1486
tadA_1	717
tadA_2	937
tag	576
tagG	492
tagH	2052
tagO	2841
tcyP	14998
tdk	1362
tee6	343
tetA	18
tetR	1061
tgt	664
thiD	1431
thiI	5082
thiN	9353
thiO	567
thiT	2870
thiY	2187
thlA	3323
thrB	817
thrS	8061
thyA	2856
tig	16666
tilS	4176
tkt	133409
tlyA	5715
tmk	8625
tmpC	107775
topA	4017
topB_1	13949
topB_2	3207
topB_3	94
topB_4	399
tpiA	42704
tqsA_1	1127
tqsA_2	1328
tqsA_3	6457
tqsA_4	6015
treA	1188
treB	763
treP_1	47
treP_2	388
treP_3	145
treR	1222
trmB	591
trmD	4147
trmFO	4035
trmK	806
trmL	835
trpS2	2184
truA	1069
truB	569
trxA_1	3782
trxA_2	572
trxB	5948
tsaB	548
tsaD	2200
tsaE	740
tsf	22272
tuf_1	197632
tuf_2	67230
typA	14658
tyrA	2288
tyrS1	10607
ubiB	3183
ubiE_1	311
ubiE_2	3236
udk	3476
ugd	1443
ugl_1	337
ugl_2	228
ugpB	9
ulaA_1	23
ulaA_2	247
ulaB_1	7
ulaB_2	12
ulaC	7988
ulaD	49
ulaE	43
ulaG	6
ung	886
upp	9533
uppP	722
uppS	2285
uvrA	13916
uvrB	7919
uvrC_1	918
uvrC_2	4368
uxaA	206
uxaB	312
uxaC	185
uxuA_1	100
uxuA_2	21
valS	17219
vanA_1	0
vanA_2	1
vanH_1	0
vanH_2	11
vanX_1	1584
vanX_2	1
vioD	6309
vraR	2202
walK_1	3538
walK_2	7090
walK_3	474
walK_4	0
walR_1	5432
walR_2	26
walR_3	0
wbbD	2908
wbbL	3476
wbgU_1	12535
wbgU_2	622
wecA	3640
whiA	4813
xerC_1	1032
xerC_2	37
xerC_3	2080
xerC_4	1575
xerD_1	674
xerD_2	1258
xerD_3	5394
xerD_4	877
xerD_5	227
xerS_1	2424
xerS_2	900
xpkA_1	3509
xpkA_2	7701
xpkA_3	1811
xpt	14561
xre	1835
xseA	8605
xseB	1439
xylB_1	1619
xylB_2	4
xylF	331
xylG	10
xylH	19
xynB	144
yabA	3013
yacL	7574
yadH	685
ybaK_1	1843
ybaK_2	150
ybbH_1	2034
ybbH_2	172
ybdH	2
ybeY	3537
ybhF	222
ybhL	21002
ybiT_1	4339
ybiT_2	899
ybiT_3	735
ybjG	195
ycaM	6148
yccF	236
yceM	2132
ychF	11205
yciC	566
ycjO	6
ycjP	2
yckB	3386
yclM	13448
yclQ	33405
ydbD	2243
ydcP_1	1956
ydcP_2	4285
ydcV	1183
yddE	173
ydeA	3158
ydfK	30
ydhF	102967
ydjZ	512
yecD_1	2468
yecD_2	5596
yecD_3	436
yecS_1	1945
yecS_2	242
yehU_1	72
yehU_2	145
yesO	36
yesS	100
yfbR	2810
yfdH	1010
yfiC	541
yfiY	12251
yfkJ	7909
yfkN	2228
yfmL	5386
yfmO_1	1
yfmO_2	2
yfnB_1	1866
yfnB_2	316
ygaZ_1	260
ygaZ_2	815
ygfA	566
yghA	39839
yhaM	8083
yhaO	2781
yhaX	4400
yhdG	2007
yhdN	13601
yheH	5625
yheI	6029
yheS_1	8368
yheS_2	4838
yhfK	2849
yhhX	1577
yidA_1	2798
yidA_2	3304
yidA_3	2280
yidC	2322
yifK	5539
yigZ	1159
yitU	5278
yjaB	160
yjbK	886
yjbM	2179
yjcD	5283
yjhB_1	1000
yjhB_2	5280
yjhB_3	357
yjiA	1135
yjlD	5153
yjmB	30
yknY_1	67
yknY_2	5532
ykoD	105
ykuL	1948
ykuT	627
ymfD	9
yniC	203
yoaB	475
yodB	9639
yodC_1	147
yodC_2	261
yodJ	11939
yoeB	14412
yohK	411
ypdA_1	270
ypdA_2	1193
ypdF	18923
ypfD	51928
ypwA	14837
yqfL	926
yqiK	8966
yrrK	28049
ysdC	8917
ysnF	42312
ytcD	35
yteP_1	11
yteP_2	9
yteP_3	10
yteR	33
yteT	120
ytfQ	35
ytlR	509
ytpP	6024
yuaF	2746
yugI_1	14405
yugI_2	946
yumC	1894
yurK	224
yutF	5383
yvbK	835
yvbW	4578
yvcJ	7056
yvdD	170
yvdM_1	1152
yvdM_2	18
yvgN	20465
yvoA_1	1626
yvoA_2	484
yvoA_3	837
ywiB	1068
ywlC	1296
ywnA	723
ywpJ_1	378
ywpJ_2	5404
ywqC	2012
ywqD	1591
ywqE	723
ywrO	736
yxdL_1	693
yxdL_2	14
yxeP	7076
yycI	3510
yycJ	3540
zapA	1012
ziaA	1041
zitB	724
znuA_1	130
znuA_2	1772
znuA_3	865
znuB	482
znuC_1	1175
znuC_2	1022
znuC_3	747
zosA	1719
zupT	1378
zur	426
zwf	4700
__no_feature	8586141
__ambiguous	656084
__too_low_aQual	456524
__not_aligned	213632
__alignment_not_unique	0
