DNPH1	582
Int-Tn_1	3407
Int-Tn_2	3408
KAEIAEFF_00001	0
KAEIAEFF_00008	0
KAEIAEFF_00009	0
KAEIAEFF_00012	52
KAEIAEFF_00014	526
KAEIAEFF_00017	2431
KAEIAEFF_00018	1153
KAEIAEFF_00019	863
KAEIAEFF_00022	665
KAEIAEFF_00027	19
KAEIAEFF_00029	5651
KAEIAEFF_00030	1911
KAEIAEFF_00032	49
KAEIAEFF_00033	878
KAEIAEFF_00034	204
KAEIAEFF_00035	19
KAEIAEFF_00036	29
KAEIAEFF_00037	204
KAEIAEFF_00038	3974
KAEIAEFF_00039	466
KAEIAEFF_00041	183
KAEIAEFF_00043	101
KAEIAEFF_00044	411
KAEIAEFF_00045	0
KAEIAEFF_00046	0
KAEIAEFF_00048	3068
KAEIAEFF_00049	2300
KAEIAEFF_00050	27
KAEIAEFF_00051	13
KAEIAEFF_00052	21
KAEIAEFF_00053	6
KAEIAEFF_00054	625
KAEIAEFF_00055	593
KAEIAEFF_00056	136
KAEIAEFF_00057	629
KAEIAEFF_00063	3243
KAEIAEFF_00071	61
KAEIAEFF_00072	306
KAEIAEFF_00076	2166
KAEIAEFF_00077	1567
KAEIAEFF_00083	455
KAEIAEFF_00084	1956
KAEIAEFF_00087	5183
KAEIAEFF_00092	679
KAEIAEFF_00094	6495
KAEIAEFF_00095	15026
KAEIAEFF_00100	2
KAEIAEFF_00101	47
KAEIAEFF_00102	30
KAEIAEFF_00103	107
KAEIAEFF_00104	14
KAEIAEFF_00106	182
KAEIAEFF_00111	63
KAEIAEFF_00112	29
KAEIAEFF_00114	715
KAEIAEFF_00115	8
KAEIAEFF_00116	659
KAEIAEFF_00117	651
KAEIAEFF_00122	559
KAEIAEFF_00125	1686
KAEIAEFF_00128	2047
KAEIAEFF_00129	8747
KAEIAEFF_00131	4624
KAEIAEFF_00136	7169
KAEIAEFF_00137	217
KAEIAEFF_00144	599
KAEIAEFF_00145	898
KAEIAEFF_00146	1
KAEIAEFF_00147	0
KAEIAEFF_00169	1448
KAEIAEFF_00170	1685
KAEIAEFF_00171	531
KAEIAEFF_00173	710
KAEIAEFF_00174	1184
KAEIAEFF_00179	1419
KAEIAEFF_00180	203
KAEIAEFF_00186	31124
KAEIAEFF_00190	292
KAEIAEFF_00191	3884
KAEIAEFF_00192	1530
KAEIAEFF_00193	2548
KAEIAEFF_00194	1047
KAEIAEFF_00195	658
KAEIAEFF_00201	248
KAEIAEFF_00204	55
KAEIAEFF_00205	146
KAEIAEFF_00206	522
KAEIAEFF_00208	556
KAEIAEFF_00209	2468
KAEIAEFF_00212	1016
KAEIAEFF_00213	222
KAEIAEFF_00214	7561
KAEIAEFF_00226	1488
KAEIAEFF_00229	8
KAEIAEFF_00231	89
KAEIAEFF_00233	140
KAEIAEFF_00237	3592
KAEIAEFF_00238	3570
KAEIAEFF_00240	663
KAEIAEFF_00241	1868
KAEIAEFF_00246	105
KAEIAEFF_00252	2316
KAEIAEFF_00255	2518
KAEIAEFF_00256	361
KAEIAEFF_00259	1113
KAEIAEFF_00260	237
KAEIAEFF_00261	241
KAEIAEFF_00262	936
KAEIAEFF_00265	0
KAEIAEFF_00269	949
KAEIAEFF_00271	229
KAEIAEFF_00272	1058
KAEIAEFF_00273	895
KAEIAEFF_00274	125
KAEIAEFF_00275	7
KAEIAEFF_00277	227
KAEIAEFF_00278	176
KAEIAEFF_00283	516
KAEIAEFF_00284	382
KAEIAEFF_00285	3807
KAEIAEFF_00286	4041
KAEIAEFF_00288	191
KAEIAEFF_00289	39
KAEIAEFF_00290	170
KAEIAEFF_00291	4462
KAEIAEFF_00292	2510
KAEIAEFF_00293	271
KAEIAEFF_00294	32
KAEIAEFF_00295	0
KAEIAEFF_00296	0
KAEIAEFF_00297	0
KAEIAEFF_00298	3
KAEIAEFF_00299	2
KAEIAEFF_00300	8
KAEIAEFF_00301	0
KAEIAEFF_00305	370
KAEIAEFF_00306	1849
KAEIAEFF_00307	5
KAEIAEFF_00308	19
KAEIAEFF_00312	15961
KAEIAEFF_00315	705
KAEIAEFF_00317	113
KAEIAEFF_00318	2
KAEIAEFF_00321	1542
KAEIAEFF_00322	2082
KAEIAEFF_00324	6
KAEIAEFF_00326	36
KAEIAEFF_00332	1005
KAEIAEFF_00335	2238
KAEIAEFF_00348	2571
KAEIAEFF_00349	112
KAEIAEFF_00351	0
KAEIAEFF_00352	18535
KAEIAEFF_00354	29209
KAEIAEFF_00355	7766
KAEIAEFF_00362	53
KAEIAEFF_00363	38
KAEIAEFF_00364	2638
KAEIAEFF_00365	1356
KAEIAEFF_00366	3014
KAEIAEFF_00368	6087
KAEIAEFF_00377	547
KAEIAEFF_00378	1213
KAEIAEFF_00379	1020
KAEIAEFF_00381	30
KAEIAEFF_00382	0
KAEIAEFF_00387	5323
KAEIAEFF_00391	173
KAEIAEFF_00398	1381
KAEIAEFF_00399	4985
KAEIAEFF_00403	208
KAEIAEFF_00405	102
KAEIAEFF_00406	28341
KAEIAEFF_00417	667
KAEIAEFF_00418	1152
KAEIAEFF_00419	2307
KAEIAEFF_00420	1098
KAEIAEFF_00426	228
KAEIAEFF_00427	2272
KAEIAEFF_00431	3
KAEIAEFF_00432	61
KAEIAEFF_00433	22
KAEIAEFF_00434	12
KAEIAEFF_00436	9278
KAEIAEFF_00437	5
KAEIAEFF_00438	40
KAEIAEFF_00439	89
KAEIAEFF_00440	13
KAEIAEFF_00445	3892
KAEIAEFF_00452	6925
KAEIAEFF_00456	0
KAEIAEFF_00460	70019
KAEIAEFF_00461	5007
KAEIAEFF_00463	9052
KAEIAEFF_00464	8
KAEIAEFF_00465	25
KAEIAEFF_00466	2866
KAEIAEFF_00467	1385
KAEIAEFF_00468	30
KAEIAEFF_00469	180
KAEIAEFF_00471	1439
KAEIAEFF_00515	12701
KAEIAEFF_00516	18763
KAEIAEFF_00532	172
KAEIAEFF_00533	15
KAEIAEFF_00534	167
KAEIAEFF_00535	89
KAEIAEFF_00536	710
KAEIAEFF_00537	742
KAEIAEFF_00538	233
KAEIAEFF_00539	12
KAEIAEFF_00540	318
KAEIAEFF_00541	850
KAEIAEFF_00544	6053
KAEIAEFF_00546	5109
KAEIAEFF_00557	1913
KAEIAEFF_00563	8197
KAEIAEFF_00564	32
KAEIAEFF_00570	1298
KAEIAEFF_00572	7076
KAEIAEFF_00596	15807
KAEIAEFF_00598	740
KAEIAEFF_00599	785
KAEIAEFF_00601	5039
KAEIAEFF_00602	4840
KAEIAEFF_00606	694
KAEIAEFF_00610	22
KAEIAEFF_00615	5
KAEIAEFF_00628	0
KAEIAEFF_00632	26
KAEIAEFF_00633	458
KAEIAEFF_00634	16
KAEIAEFF_00636	87
KAEIAEFF_00641	550
KAEIAEFF_00644	146
KAEIAEFF_00646	171
KAEIAEFF_00647	0
KAEIAEFF_00649	51
KAEIAEFF_00650	15
KAEIAEFF_00651	21
KAEIAEFF_00652	51
KAEIAEFF_00653	26
KAEIAEFF_00655	89
KAEIAEFF_00658	107
KAEIAEFF_00659	73
KAEIAEFF_00661	601
KAEIAEFF_00662	22
KAEIAEFF_00664	60
KAEIAEFF_00665	17
KAEIAEFF_00666	0
KAEIAEFF_00667	14
KAEIAEFF_00669	4
KAEIAEFF_00670	31
KAEIAEFF_00671	19
KAEIAEFF_00674	846
KAEIAEFF_00676	91
KAEIAEFF_00679	24
KAEIAEFF_00680	19
KAEIAEFF_00681	22
KAEIAEFF_00682	151
KAEIAEFF_00683	0
KAEIAEFF_00685	460
KAEIAEFF_00689	90
KAEIAEFF_00693	1859
KAEIAEFF_00694	277
KAEIAEFF_00697	251
KAEIAEFF_00699	2274
KAEIAEFF_00702	41
KAEIAEFF_00706	101
KAEIAEFF_00707	3721
KAEIAEFF_00708	10695
KAEIAEFF_00709	177
KAEIAEFF_00713	75
KAEIAEFF_00714	3368
KAEIAEFF_00717	1761
KAEIAEFF_00718	2404
KAEIAEFF_00728	3701
KAEIAEFF_00729	2470
KAEIAEFF_00731	10897
KAEIAEFF_00732	2684
KAEIAEFF_00734	2299
KAEIAEFF_00736	7157
KAEIAEFF_00751	14272
KAEIAEFF_00752	1271
KAEIAEFF_00753	751
KAEIAEFF_00754	2521
KAEIAEFF_00755	1118
KAEIAEFF_00768	2103
KAEIAEFF_00769	483452
KAEIAEFF_00771	330
KAEIAEFF_00772	3104
KAEIAEFF_00787	0
KAEIAEFF_00818	2
KAEIAEFF_00822	1939
KAEIAEFF_00823	3218
KAEIAEFF_00825	4020
KAEIAEFF_00827	76092
KAEIAEFF_00830	2942
KAEIAEFF_00831	3687
KAEIAEFF_00832	1954
KAEIAEFF_00833	80
KAEIAEFF_00834	2225
KAEIAEFF_00836	214
KAEIAEFF_00837	449
KAEIAEFF_00841	37
KAEIAEFF_00844	428
KAEIAEFF_00849	149
KAEIAEFF_00850	48
KAEIAEFF_00852	466
KAEIAEFF_00853	908
KAEIAEFF_00855	105
KAEIAEFF_00860	8366
KAEIAEFF_00861	140
KAEIAEFF_00871	14
KAEIAEFF_00875	22
KAEIAEFF_00877	3
KAEIAEFF_00886	12391
KAEIAEFF_00889	9057
KAEIAEFF_00890	7687
KAEIAEFF_00892	3161
KAEIAEFF_00893	2410
KAEIAEFF_00899	26
KAEIAEFF_00900	26
KAEIAEFF_00901	33
KAEIAEFF_00902	9
KAEIAEFF_00906	3629
KAEIAEFF_00907	25089
KAEIAEFF_00908	2307
KAEIAEFF_00909	1697
KAEIAEFF_00910	358
KAEIAEFF_00911	417
KAEIAEFF_00920	10586
KAEIAEFF_00922	588
KAEIAEFF_00933	0
KAEIAEFF_00934	6027
KAEIAEFF_00940	881
KAEIAEFF_00945	1251
KAEIAEFF_00949	330
KAEIAEFF_00950	272
KAEIAEFF_00953	7571
KAEIAEFF_00957	2235
KAEIAEFF_00958	1944
KAEIAEFF_00965	271
KAEIAEFF_00966	476
KAEIAEFF_00967	28
KAEIAEFF_00970	1239
KAEIAEFF_00975	1052
KAEIAEFF_00977	99
KAEIAEFF_00978	582
KAEIAEFF_00982	78
KAEIAEFF_00983	130
KAEIAEFF_00984	21
KAEIAEFF_00985	203
KAEIAEFF_00987	1181
KAEIAEFF_00988	5236
KAEIAEFF_00991	5675
KAEIAEFF_00994	1881
KAEIAEFF_00996	5805
KAEIAEFF_01000	788
KAEIAEFF_01001	671
KAEIAEFF_01002	1586
KAEIAEFF_01003	2606
KAEIAEFF_01004	2409
KAEIAEFF_01005	7371
KAEIAEFF_01006	5600
KAEIAEFF_01007	12879
KAEIAEFF_01008	2188
KAEIAEFF_01009	1502
KAEIAEFF_01010	3682
KAEIAEFF_01011	3218
KAEIAEFF_01012	554
KAEIAEFF_01013	183
KAEIAEFF_01014	1373
KAEIAEFF_01015	110
KAEIAEFF_01016	3780
KAEIAEFF_01017	5174
KAEIAEFF_01018	9937
KAEIAEFF_01019	390
KAEIAEFF_01020	348
KAEIAEFF_01021	665
KAEIAEFF_01022	249
KAEIAEFF_01023	893
KAEIAEFF_01024	295
KAEIAEFF_01025	577
KAEIAEFF_01026	416
KAEIAEFF_01027	544
KAEIAEFF_01028	4
KAEIAEFF_01029	0
KAEIAEFF_01030	0
KAEIAEFF_01031	0
KAEIAEFF_01033	1303
KAEIAEFF_01034	671
KAEIAEFF_01035	180
KAEIAEFF_01036	491
KAEIAEFF_01037	920
KAEIAEFF_01038	2015
KAEIAEFF_01039	213
KAEIAEFF_01040	227
KAEIAEFF_01041	1781
KAEIAEFF_01042	410
KAEIAEFF_01043	1195
KAEIAEFF_01044	556
KAEIAEFF_01045	1825
KAEIAEFF_01046	399
KAEIAEFF_01047	686
KAEIAEFF_01048	517
KAEIAEFF_01049	981
KAEIAEFF_01050	438
KAEIAEFF_01051	840
KAEIAEFF_01052	490
KAEIAEFF_01053	82
KAEIAEFF_01054	3488
KAEIAEFF_01055	753
KAEIAEFF_01057	0
KAEIAEFF_01058	0
KAEIAEFF_01059	0
KAEIAEFF_01060	144
KAEIAEFF_01061	0
KAEIAEFF_01062	0
KAEIAEFF_01063	0
KAEIAEFF_01066	0
KAEIAEFF_01067	0
KAEIAEFF_01068	0
KAEIAEFF_01069	0
KAEIAEFF_01070	0
KAEIAEFF_01071	1
KAEIAEFF_01072	1
KAEIAEFF_01074	1853
KAEIAEFF_01075	4328
KAEIAEFF_01077	3332
KAEIAEFF_01080	2380
KAEIAEFF_01086	12304
KAEIAEFF_01087	4212
KAEIAEFF_01092	0
KAEIAEFF_01095	1756
KAEIAEFF_01100	2959
KAEIAEFF_01102	5966
KAEIAEFF_01104	0
KAEIAEFF_01108	2935
KAEIAEFF_01112	5723
KAEIAEFF_01113	26
KAEIAEFF_01114	0
KAEIAEFF_01115	3
KAEIAEFF_01117	589
KAEIAEFF_01119	734
KAEIAEFF_01128	15492
KAEIAEFF_01129	631
KAEIAEFF_01133	38
KAEIAEFF_01134	78986
KAEIAEFF_01139	6948
KAEIAEFF_01141	13175
KAEIAEFF_01156	735
KAEIAEFF_01158	3882
KAEIAEFF_01160	4950
KAEIAEFF_01161	1621
KAEIAEFF_01162	5159
KAEIAEFF_01163	0
KAEIAEFF_01164	1974
KAEIAEFF_01167	1787
KAEIAEFF_01171	0
KAEIAEFF_01174	0
KAEIAEFF_01176	1549
KAEIAEFF_01181	13505
KAEIAEFF_01206	0
KAEIAEFF_01211	16
KAEIAEFF_01212	1004
KAEIAEFF_01213	1310
KAEIAEFF_01222	232
KAEIAEFF_01223	347
KAEIAEFF_01224	276
KAEIAEFF_01225	5
KAEIAEFF_01227	27
KAEIAEFF_01228	2
KAEIAEFF_01229	56
KAEIAEFF_01230	28
KAEIAEFF_01231	140
KAEIAEFF_01232	57
KAEIAEFF_01233	190
KAEIAEFF_01240	734
KAEIAEFF_01241	30
KAEIAEFF_01247	1
KAEIAEFF_01254	5511
KAEIAEFF_01255	104
KAEIAEFF_01256	680
KAEIAEFF_01258	5
KAEIAEFF_01261	22212
KAEIAEFF_01266	3973
KAEIAEFF_01267	1923
KAEIAEFF_01269	1598
KAEIAEFF_01270	4454
KAEIAEFF_01274	553
KAEIAEFF_01275	1948
KAEIAEFF_01279	0
KAEIAEFF_01283	0
KAEIAEFF_01285	2089
KAEIAEFF_01290	19023
KAEIAEFF_01291	24145
KAEIAEFF_01292	300
KAEIAEFF_01293	1854
KAEIAEFF_01294	137
KAEIAEFF_01301	2541
KAEIAEFF_01303	6046
KAEIAEFF_01304	369
KAEIAEFF_01305	1123
KAEIAEFF_01307	4412
KAEIAEFF_01308	494
KAEIAEFF_01313	5194
KAEIAEFF_01314	10272
KAEIAEFF_01316	3427
KAEIAEFF_01318	844
KAEIAEFF_01321	6093
KAEIAEFF_01333	2375
KAEIAEFF_01339	710
KAEIAEFF_01340	1202
KAEIAEFF_01341	1768
KAEIAEFF_01342	1247
KAEIAEFF_01343	2362
KAEIAEFF_01345	13888
KAEIAEFF_01346	578
KAEIAEFF_01347	47
KAEIAEFF_01350	339
KAEIAEFF_01356	8790
KAEIAEFF_01358	2783
KAEIAEFF_01360	475
KAEIAEFF_01361	37
KAEIAEFF_01362	356
KAEIAEFF_01363	385
KAEIAEFF_01365	144
KAEIAEFF_01367	5061
KAEIAEFF_01369	13
KAEIAEFF_01376	419
KAEIAEFF_01377	1365
KAEIAEFF_01379	2955
KAEIAEFF_01382	7447
KAEIAEFF_01386	20
KAEIAEFF_01393	3900
KAEIAEFF_01404	16
KAEIAEFF_01416	579
KAEIAEFF_01420	2104
KAEIAEFF_01423	8018
KAEIAEFF_01424	4212
KAEIAEFF_01425	6787
KAEIAEFF_01430	187
KAEIAEFF_01431	302
KAEIAEFF_01434	3284
KAEIAEFF_01436	508
KAEIAEFF_01437	512
KAEIAEFF_01441	2878
KAEIAEFF_01443	2772
KAEIAEFF_01444	1074
KAEIAEFF_01446	462
KAEIAEFF_01448	8886
KAEIAEFF_01449	3195
KAEIAEFF_01450	1698
KAEIAEFF_01451	3578
KAEIAEFF_01452	17
KAEIAEFF_01453	4905
KAEIAEFF_01454	2682
KAEIAEFF_01455	50081
KAEIAEFF_01456	1237
KAEIAEFF_01458	9292
KAEIAEFF_01459	439
KAEIAEFF_01460	1148
KAEIAEFF_01461	1835
KAEIAEFF_01462	187
KAEIAEFF_01465	0
KAEIAEFF_01478	512
KAEIAEFF_01484	1413
KAEIAEFF_01485	1412
KAEIAEFF_01486	55
KAEIAEFF_01487	1080
KAEIAEFF_01490	17622
KAEIAEFF_01493	3437
KAEIAEFF_01496	7260
KAEIAEFF_01498	2501
KAEIAEFF_01500	66
KAEIAEFF_01501	577
KAEIAEFF_01505	8430
KAEIAEFF_01506	352
KAEIAEFF_01510	19
KAEIAEFF_01511	0
KAEIAEFF_01514	973
KAEIAEFF_01518	1714
KAEIAEFF_01519	45
KAEIAEFF_01520	86
KAEIAEFF_01521	62
KAEIAEFF_01523	122
KAEIAEFF_01524	4099
KAEIAEFF_01526	520
KAEIAEFF_01531	3034
KAEIAEFF_01534	4763
KAEIAEFF_01535	1791
KAEIAEFF_01552	19050
KAEIAEFF_01553	10
KAEIAEFF_01554	1167
KAEIAEFF_01555	16417
KAEIAEFF_01560	5157
KAEIAEFF_01562	358
KAEIAEFF_01563	1179
KAEIAEFF_01566	0
KAEIAEFF_01568	23
KAEIAEFF_01569	124
KAEIAEFF_01571	325
KAEIAEFF_01573	2865
KAEIAEFF_01576	14
KAEIAEFF_01577	68
KAEIAEFF_01578	34
KAEIAEFF_01579	54
KAEIAEFF_01580	9
KAEIAEFF_01581	10
KAEIAEFF_01582	581
KAEIAEFF_01584	38
KAEIAEFF_01592	7016
KAEIAEFF_01594	9480
KAEIAEFF_01595	2006
KAEIAEFF_01596	1005
KAEIAEFF_01598	96
KAEIAEFF_01601	647
KAEIAEFF_01602	431
KAEIAEFF_01603	7043
KAEIAEFF_01604	4638
KAEIAEFF_01605	506
KAEIAEFF_01606	1044
KAEIAEFF_01609	1437
KAEIAEFF_01610	1806
KAEIAEFF_01611	297
KAEIAEFF_01616	4500
KAEIAEFF_01618	3
KAEIAEFF_01623	1244
KAEIAEFF_01624	142
KAEIAEFF_01627	273
KAEIAEFF_01628	300
KAEIAEFF_01629	105
KAEIAEFF_01635	270
KAEIAEFF_01636	1737
KAEIAEFF_01641	178
KAEIAEFF_01642	2154
KAEIAEFF_01644	134
KAEIAEFF_01646	26
KAEIAEFF_01650	0
KAEIAEFF_01651	3059
KAEIAEFF_01652	21859
KAEIAEFF_01653	11679
KAEIAEFF_01654	24146
KAEIAEFF_01655	48
KAEIAEFF_01656	143
KAEIAEFF_01657	61
KAEIAEFF_01658	43
KAEIAEFF_01659	5881
KAEIAEFF_01660	51675
KAEIAEFF_01661	2017
KAEIAEFF_01662	9032
KAEIAEFF_01665	1022
KAEIAEFF_01669	4484
KAEIAEFF_01671	494
KAEIAEFF_01672	558
KAEIAEFF_01673	804
KAEIAEFF_01674	611
KAEIAEFF_01675	6
KAEIAEFF_01677	597
KAEIAEFF_01678	13
KAEIAEFF_01681	0
KAEIAEFF_01682	1
KAEIAEFF_01687	1
KAEIAEFF_01689	28
KAEIAEFF_01691	809
KAEIAEFF_01693	26
KAEIAEFF_01696	1451
KAEIAEFF_01697	339
KAEIAEFF_01698	307
KAEIAEFF_01699	5039
KAEIAEFF_01703	1
KAEIAEFF_01706	9
KAEIAEFF_01709	17968
KAEIAEFF_01710	520
KAEIAEFF_01711	3840
KAEIAEFF_01712	1
KAEIAEFF_01713	2
KAEIAEFF_01716	4341
KAEIAEFF_01717	3072
KAEIAEFF_01718	1766
KAEIAEFF_01720	846
KAEIAEFF_01721	387
KAEIAEFF_01724	818
KAEIAEFF_01726	0
KAEIAEFF_01727	11985
KAEIAEFF_01731	20498
KAEIAEFF_01738	2184
KAEIAEFF_01739	2827
KAEIAEFF_01743	138
KAEIAEFF_01745	1293
KAEIAEFF_01748	773
KAEIAEFF_01749	1330
KAEIAEFF_01750	57
KAEIAEFF_01751	150
KAEIAEFF_01752	151
KAEIAEFF_01756	196
KAEIAEFF_01771	72
KAEIAEFF_01783	526
KAEIAEFF_01784	2658
KAEIAEFF_01785	9655
KAEIAEFF_01789	713
KAEIAEFF_01790	4208
KAEIAEFF_01792	1694
KAEIAEFF_01798	4777
KAEIAEFF_01799	220
KAEIAEFF_01800	456
KAEIAEFF_01801	447
KAEIAEFF_01802	295
KAEIAEFF_01803	14
KAEIAEFF_01804	883
KAEIAEFF_01805	123
KAEIAEFF_01806	102
KAEIAEFF_01808	10996
KAEIAEFF_01810	6937
KAEIAEFF_01811	6379
KAEIAEFF_01822	178
KAEIAEFF_01824	1156
KAEIAEFF_01828	780
KAEIAEFF_01839	1948
KAEIAEFF_01867	10287
KAEIAEFF_01868	2550
KAEIAEFF_01869	582
KAEIAEFF_01872	1010
KAEIAEFF_01881	3609
KAEIAEFF_01883	36
KAEIAEFF_01885	13
KAEIAEFF_01887	0
KAEIAEFF_01888	4
KAEIAEFF_01890	48
KAEIAEFF_01891	26
KAEIAEFF_01892	65
KAEIAEFF_01893	54
KAEIAEFF_01894	0
KAEIAEFF_01895	0
KAEIAEFF_01896	0
KAEIAEFF_01898	177
KAEIAEFF_01900	586
KAEIAEFF_01901	306
KAEIAEFF_01902	214
KAEIAEFF_01903	36
KAEIAEFF_01904	256
KAEIAEFF_01905	110
KAEIAEFF_01906	1486
KAEIAEFF_01907	560
KAEIAEFF_01908	567
KAEIAEFF_01909	763
KAEIAEFF_01910	280
KAEIAEFF_01911	183
KAEIAEFF_01912	133
KAEIAEFF_01913	125
KAEIAEFF_01914	1675
KAEIAEFF_01915	3834
KAEIAEFF_01916	509
KAEIAEFF_01917	457
KAEIAEFF_01918	3721
KAEIAEFF_01919	3
KAEIAEFF_01920	0
KAEIAEFF_01921	710
KAEIAEFF_01922	932
KAEIAEFF_01923	1978
KAEIAEFF_01924	506
KAEIAEFF_01925	468
KAEIAEFF_01926	847
KAEIAEFF_01927	4251
KAEIAEFF_01928	4122
KAEIAEFF_01929	3040
KAEIAEFF_01930	10521
KAEIAEFF_01931	475
KAEIAEFF_01932	184
KAEIAEFF_01933	3091
KAEIAEFF_01934	2799
KAEIAEFF_01935	2967
KAEIAEFF_01938	1752
KAEIAEFF_01939	6145
KAEIAEFF_01942	23198
KAEIAEFF_01943	41
KAEIAEFF_01944	0
KAEIAEFF_01945	1026
KAEIAEFF_01946	535
KAEIAEFF_01947	6
KAEIAEFF_01948	1322
KAEIAEFF_01950	14205
KAEIAEFF_01951	26
KAEIAEFF_01952	13357
KAEIAEFF_01953	62
KAEIAEFF_01954	6
KAEIAEFF_01955	0
KAEIAEFF_01956	139
KAEIAEFF_01957	11
KAEIAEFF_01965	90
KAEIAEFF_01966	128
KAEIAEFF_01969	335
KAEIAEFF_01970	1561
KAEIAEFF_01972	153
KAEIAEFF_01973	1
KAEIAEFF_01975	0
KAEIAEFF_01976	47
KAEIAEFF_01977	6532
KAEIAEFF_01981	49
KAEIAEFF_01982	1
KAEIAEFF_01984	0
KAEIAEFF_01985	595
KAEIAEFF_01989	83
KAEIAEFF_01990	638
KAEIAEFF_01991	7
KAEIAEFF_01992	1
KAEIAEFF_01993	63
KAEIAEFF_01994	9
KAEIAEFF_01995	5
KAEIAEFF_01996	12
KAEIAEFF_01997	40
KAEIAEFF_01998	318
KAEIAEFF_02000	89
KAEIAEFF_02001	52
KAEIAEFF_02002	2
KAEIAEFF_02003	9
KAEIAEFF_02004	3145
KAEIAEFF_02005	0
KAEIAEFF_02006	0
KAEIAEFF_02007	71
KAEIAEFF_02019	494
KAEIAEFF_02020	243
KAEIAEFF_02021	140
KAEIAEFF_02022	51
KAEIAEFF_02023	19
KAEIAEFF_02024	101
KAEIAEFF_02025	33
KAEIAEFF_02026	2
KAEIAEFF_02028	13
KAEIAEFF_02029	0
KAEIAEFF_02030	32
KAEIAEFF_02031	5
KAEIAEFF_02032	1521
KAEIAEFF_02033	3438
KAEIAEFF_02034	2
KAEIAEFF_02036	0
KAEIAEFF_02037	1
KAEIAEFF_02038	1
KAEIAEFF_02040	58
KAEIAEFF_02043	1
KAEIAEFF_02044	0
KAEIAEFF_02045	0
KAEIAEFF_02046	18
KAEIAEFF_02047	119
KAEIAEFF_02051	606
KAEIAEFF_02052	1550
KAEIAEFF_02058	1778
KAEIAEFF_02059	3369
KAEIAEFF_02063	2
KAEIAEFF_02064	0
KAEIAEFF_02066	291
KAEIAEFF_02067	285
KAEIAEFF_02068	90
KAEIAEFF_02069	8
KAEIAEFF_02070	4
KAEIAEFF_02072	0
KAEIAEFF_02073	746
KAEIAEFF_02074	130
KAEIAEFF_02075	0
KAEIAEFF_02076	0
KAEIAEFF_02077	0
KAEIAEFF_02078	28
KAEIAEFF_02080	4048
KAEIAEFF_02081	37
KAEIAEFF_02082	124
KAEIAEFF_02083	176
KAEIAEFF_02084	39
KAEIAEFF_02085	61
KAEIAEFF_02086	178
KAEIAEFF_02087	58
KAEIAEFF_02092	184
KAEIAEFF_02093	0
KAEIAEFF_02097	845
KAEIAEFF_02100	8237
KAEIAEFF_02101	2393
KAEIAEFF_02104	200
KAEIAEFF_02105	71
KAEIAEFF_02106	20865
KAEIAEFF_02107	59
KAEIAEFF_02109	3098
KAEIAEFF_02111	10349
KAEIAEFF_02113	1883
KAEIAEFF_02123	1
KAEIAEFF_02124	910
KAEIAEFF_02125	1004
KAEIAEFF_02140	784
KAEIAEFF_02148	5759
KAEIAEFF_02150	81061
KAEIAEFF_02164	2673
KAEIAEFF_02166	846
KAEIAEFF_02167	0
KAEIAEFF_02172	33854
KAEIAEFF_02173	3874
KAEIAEFF_02178	0
KAEIAEFF_02179	471
KAEIAEFF_02180	4547
KAEIAEFF_02182	103
KAEIAEFF_02183	386
KAEIAEFF_02196	67
KAEIAEFF_02199	285
KAEIAEFF_02202	11905
KAEIAEFF_02205	343
KAEIAEFF_02208	1051
KAEIAEFF_02209	2142
KAEIAEFF_02211	3672
KAEIAEFF_02224	3033
KAEIAEFF_02227	3568
KAEIAEFF_02229	4
KAEIAEFF_02230	8
KAEIAEFF_02231	0
KAEIAEFF_02245	3060
KAEIAEFF_02260	14150
KAEIAEFF_02261	2720
KAEIAEFF_02264	12531
KAEIAEFF_02269	973
KAEIAEFF_02275	670
KAEIAEFF_02277	1119
KAEIAEFF_02278	361
KAEIAEFF_02279	7
KAEIAEFF_02280	11
KAEIAEFF_02281	24
KAEIAEFF_02283	758
KAEIAEFF_02286	1190
KAEIAEFF_02287	509
KAEIAEFF_02288	3663
KAEIAEFF_02289	3
KAEIAEFF_02290	7
KAEIAEFF_02291	49
KAEIAEFF_02292	4
KAEIAEFF_02293	3
KAEIAEFF_02294	0
KAEIAEFF_02295	1
KAEIAEFF_02296	53
KAEIAEFF_02297	49
KAEIAEFF_02298	216
KAEIAEFF_02299	72
KAEIAEFF_02300	12
KAEIAEFF_02301	1
KAEIAEFF_02302	9
KAEIAEFF_02303	4
KAEIAEFF_02304	10
KAEIAEFF_02305	8
KAEIAEFF_02306	1557
KAEIAEFF_02308	37117
KAEIAEFF_02310	13312
KAEIAEFF_02313	1759
KAEIAEFF_02314	673
KAEIAEFF_02315	259
KAEIAEFF_02318	145
KAEIAEFF_02319	102
KAEIAEFF_02324	217
KAEIAEFF_02331	2
KAEIAEFF_02335	1377
KAEIAEFF_02337	1231
KAEIAEFF_02338	1738
KAEIAEFF_02339	4742
KAEIAEFF_02340	2982
KAEIAEFF_02341	2680
KAEIAEFF_02344	183
KAEIAEFF_02345	2726
KAEIAEFF_02352	3049
KAEIAEFF_02354	3633
KAEIAEFF_02356	2506
KAEIAEFF_02357	1328
KAEIAEFF_02359	1070
KAEIAEFF_02363	1505
KAEIAEFF_02364	5
KAEIAEFF_02365	0
KAEIAEFF_02370	18966
KAEIAEFF_02373	8175
KAEIAEFF_02375	2030
KAEIAEFF_02376	1831
KAEIAEFF_02378	3316
KAEIAEFF_02380	270
KAEIAEFF_02383	9327
KAEIAEFF_02385	35
KAEIAEFF_02386	53
KAEIAEFF_02387	11529
KAEIAEFF_02388	6124
KAEIAEFF_02390	2768
KAEIAEFF_02391	2594
KAEIAEFF_02394	23
KAEIAEFF_02396	30417
KAEIAEFF_02398	12981
KAEIAEFF_02399	9
KAEIAEFF_02400	984
KAEIAEFF_02402	0
KAEIAEFF_02408	98
KAEIAEFF_02411	62
KAEIAEFF_02412	3334
KAEIAEFF_02413	3729
KAEIAEFF_02422	1246
KAEIAEFF_02424	817
KAEIAEFF_02425	9132
KAEIAEFF_02426	55668
KAEIAEFF_02431	96
KAEIAEFF_02433	793
KAEIAEFF_02444	54
KAEIAEFF_02445	4034
KAEIAEFF_02447	3072
KAEIAEFF_02451	463
KAEIAEFF_02456	151
KAEIAEFF_02457	135
KAEIAEFF_02460	6228
KAEIAEFF_02461	6367
KAEIAEFF_02462	1091
KAEIAEFF_02470	27
KAEIAEFF_02478	1624
KAEIAEFF_02479	85
KAEIAEFF_02480	851
KAEIAEFF_02481	321
KAEIAEFF_02485	2556
KAEIAEFF_02487	307
KAEIAEFF_02488	1589
KAEIAEFF_02490	545
KAEIAEFF_02496	305
KAEIAEFF_02498	13
KAEIAEFF_02503	770
KAEIAEFF_02506	845
KAEIAEFF_02509	73
KAEIAEFF_02510	0
KAEIAEFF_02511	135
KAEIAEFF_02512	59
KAEIAEFF_02513	0
KAEIAEFF_02514	0
KAEIAEFF_02515	0
KAEIAEFF_02516	0
KAEIAEFF_02517	0
KAEIAEFF_02518	0
KAEIAEFF_02521	0
KAEIAEFF_02522	0
KAEIAEFF_02523	1
KAEIAEFF_02524	365
KAEIAEFF_02525	843
KAEIAEFF_02526	460
KAEIAEFF_02527	141
KAEIAEFF_02528	4
KAEIAEFF_02530	131
KAEIAEFF_02531	662
KAEIAEFF_02532	312
KAEIAEFF_02533	58
KAEIAEFF_02534	95
KAEIAEFF_02535	264
KAEIAEFF_02536	755
KAEIAEFF_02537	803
KAEIAEFF_02539	558
KAEIAEFF_02540	964
KAEIAEFF_02541	155
KAEIAEFF_02542	195
KAEIAEFF_02543	147
KAEIAEFF_02544	151
KAEIAEFF_02546	0
KAEIAEFF_02547	1
KAEIAEFF_02548	1
KAEIAEFF_02549	1
KAEIAEFF_02550	0
KAEIAEFF_02551	0
KAEIAEFF_02552	223
KAEIAEFF_02553	394
KAEIAEFF_02554	284
KAEIAEFF_02555	491
KAEIAEFF_02556	112
KAEIAEFF_02557	149
KAEIAEFF_02558	462
KAEIAEFF_02559	1049
KAEIAEFF_02560	23
KAEIAEFF_02561	646
KAEIAEFF_02562	2136
KAEIAEFF_02563	589
KAEIAEFF_02564	338
KAEIAEFF_02565	802
KAEIAEFF_02566	512
KAEIAEFF_02567	4219
KAEIAEFF_02568	2059
KAEIAEFF_02569	864
KAEIAEFF_02570	412
KAEIAEFF_02571	1113
KAEIAEFF_02572	1221
KAEIAEFF_02573	372
KAEIAEFF_02576	3014
KAEIAEFF_02577	936
KAEIAEFF_02578	141
KAEIAEFF_02579	155
KAEIAEFF_02580	591
KAEIAEFF_02588	586
KAEIAEFF_02593	35949
KAEIAEFF_02595	13557
KAEIAEFF_02606	186
KAEIAEFF_02607	1858
KAEIAEFF_02608	203
KAEIAEFF_02612	4453
KAEIAEFF_02617	35570
KAEIAEFF_02619	1192
KAEIAEFF_02620	1308
KAEIAEFF_02627	9827
KAEIAEFF_02629	889
KAEIAEFF_02631	90
KAEIAEFF_02633	1815
KAEIAEFF_02634	106
KAEIAEFF_02635	894
KAEIAEFF_02638	7222
KAEIAEFF_02640	2748
KAEIAEFF_02644	66
KAEIAEFF_02652	11575
KAEIAEFF_02654	3972
KAEIAEFF_02657	2124
KAEIAEFF_02659	17888
KAEIAEFF_02660	12709
KAEIAEFF_02661	13451
KAEIAEFF_02663	5
KAEIAEFF_02665	4906
KAEIAEFF_02675	454
KAEIAEFF_02678	6
KAEIAEFF_02681	57
KAEIAEFF_02682	108
KAEIAEFF_02683	17
KAEIAEFF_02684	555
KAEIAEFF_02686	111
KAEIAEFF_02687	236
KAEIAEFF_02690	3521
KAEIAEFF_02691	9790
KAEIAEFF_02703	6357
KAEIAEFF_02704	1857
KAEIAEFF_02705	633
KAEIAEFF_02707	226
KAEIAEFF_02708	121
KAEIAEFF_02718	1319
KAEIAEFF_02719	7654
KAEIAEFF_02720	2445
KAEIAEFF_02721	1103
KAEIAEFF_02722	338
KAEIAEFF_02724	581
KAEIAEFF_02726	5422
KAEIAEFF_02727	3154
KAEIAEFF_02730	2114
KAEIAEFF_02732	1266
KAEIAEFF_02733	1043
KAEIAEFF_02735	119
KAEIAEFF_02740	4173
KAEIAEFF_02742	3744
KAEIAEFF_02748	0
KAEIAEFF_02749	0
KAEIAEFF_02751	0
KAEIAEFF_02752	0
KAEIAEFF_02753	0
KAEIAEFF_02759	57
KAEIAEFF_02760	306
KAEIAEFF_02761	23950
KAEIAEFF_02762	38
KAEIAEFF_02763	420
KAEIAEFF_02764	171
KAEIAEFF_02766	73
KAEIAEFF_02767	171
KAEIAEFF_02768	790
KAEIAEFF_02769	990
KAEIAEFF_02770	291657
KAEIAEFF_02771	63505
KAEIAEFF_02774	2004
KAEIAEFF_02776	5709
KAEIAEFF_02777	104
KAEIAEFF_02778	1072
KAEIAEFF_02780	52
KAEIAEFF_02781	650
KAEIAEFF_02782	1558
KAEIAEFF_02783	1895
KAEIAEFF_02784	292
KAEIAEFF_02785	1574
KAEIAEFF_02787	26
KAEIAEFF_02788	73
KAEIAEFF_02789	2192
KAEIAEFF_02791	41
KAEIAEFF_02792	0
KAEIAEFF_02793	0
KAEIAEFF_02799	0
KAEIAEFF_02800	0
KAEIAEFF_02801	0
KAEIAEFF_02802	0
KAEIAEFF_02803	0
KAEIAEFF_02804	67
KAEIAEFF_02805	107
KAEIAEFF_02807	141
KAEIAEFF_02808	152
KAEIAEFF_02809	64
KAEIAEFF_02810	1
KAEIAEFF_02811	1934
KAEIAEFF_02812	972
KAEIAEFF_02814	463
KAEIAEFF_02815	43
KAEIAEFF_02816	230
KAEIAEFF_02817	91
KAEIAEFF_02819	73
KAEIAEFF_02820	3
KAEIAEFF_02821	62
KAEIAEFF_02822	40
KAEIAEFF_02823	106
KAEIAEFF_02824	52
KAEIAEFF_02825	2124
KAEIAEFF_02826	477
KAEIAEFF_02828	283
KAEIAEFF_02829	25
KAEIAEFF_02830	666
KAEIAEFF_02835	132
KAEIAEFF_02836	20
KAEIAEFF_02837	21
KAEIAEFF_02838	61
KAEIAEFF_02839	6
KAEIAEFF_02840	15
KAEIAEFF_02841	8
KAEIAEFF_02842	1135
KAEIAEFF_02844	766
KAEIAEFF_02845	219
KAEIAEFF_02846	2
KAEIAEFF_02848	59
KAEIAEFF_02849	79
KAEIAEFF_02850	3
KAEIAEFF_02851	3250
KAEIAEFF_02853	8
KAEIAEFF_02854	6
KAEIAEFF_02855	306
KAEIAEFF_02858	2778
KAEIAEFF_02860	8104
KAEIAEFF_02861	122
KAEIAEFF_02862	115
KAEIAEFF_02863	448
KAEIAEFF_02864	2
KAEIAEFF_02865	977
KAEIAEFF_02866	44
KAEIAEFF_02867	219
KAEIAEFF_02870	76
KAEIAEFF_02871	22
KAEIAEFF_02872	1
KAEIAEFF_02873	7
KAEIAEFF_02874	10
KAEIAEFF_02875	3
KAEIAEFF_02876	899
KAEIAEFF_02877	103
KAEIAEFF_02879	87
KAEIAEFF_02880	79
KAEIAEFF_02881	108
KAEIAEFF_02882	39
KAEIAEFF_02883	40
KAEIAEFF_02884	27
KAEIAEFF_02885	41
KAEIAEFF_02886	124
KAEIAEFF_02887	106
KAEIAEFF_02888	144
KAEIAEFF_02889	67
KAEIAEFF_02890	30
KAEIAEFF_02891	108
KAEIAEFF_02892	3592
KAEIAEFF_02894	0
KAEIAEFF_02895	0
KAEIAEFF_02896	0
KAEIAEFF_02897	4866
KAEIAEFF_02898	3270
KAEIAEFF_02899	1030
KAEIAEFF_02900	1797
KAEIAEFF_02901	292
KAEIAEFF_02903	1709
KAEIAEFF_02904	310
KAEIAEFF_02906	0
KAEIAEFF_02907	0
KAEIAEFF_02908	0
KAEIAEFF_02909	25
KAEIAEFF_02910	4030
KAEIAEFF_02911	1283
KAEIAEFF_02913	2424
KAEIAEFF_02914	1
KAEIAEFF_02915	2394
KAEIAEFF_02916	862
KAEIAEFF_02917	193
KAEIAEFF_02918	684
KAEIAEFF_02919	0
KAEIAEFF_02920	23
KAEIAEFF_02930	71
KAEIAEFF_02931	331
KAEIAEFF_02936	10
KAEIAEFF_02939	217
KAEIAEFF_02943	26
KAEIAEFF_02945	1114
KAEIAEFF_02946	612
KAEIAEFF_02947	673
KAEIAEFF_02948	313
KAEIAEFF_02949	8
KAEIAEFF_02950	12
KAEIAEFF_02951	18
KAEIAEFF_02952	119
KAEIAEFF_02954	20453
KAEIAEFF_02956	359
KAEIAEFF_02957	564
KAEIAEFF_02958	53
KAEIAEFF_02959	114
KAEIAEFF_02960	1560
KAEIAEFF_02961	12
KAEIAEFF_02963	0
KAEIAEFF_02964	250
KAEIAEFF_02965	113
KAEIAEFF_02966	941
KAEIAEFF_02967	122
KAEIAEFF_02968	799
KAEIAEFF_02969	38
KAEIAEFF_02970	748
KAEIAEFF_02972	42
KAEIAEFF_02973	222
KAEIAEFF_02975	402
KAEIAEFF_02976	3045
KAEIAEFF_02977	127
KAEIAEFF_02978	65
KAEIAEFF_02979	168
KAEIAEFF_02980	31
KAEIAEFF_02981	3
KAEIAEFF_02982	72
KAEIAEFF_02984	628
KAEIAEFF_02985	1452
KAEIAEFF_02987	685
KAEIAEFF_02989	275
KAEIAEFF_02990	270
KAEIAEFF_02992	33
KAEIAEFF_02993	445
KAEIAEFF_02998	41
KAEIAEFF_02999	182
KAEIAEFF_03002	49
KAEIAEFF_03004	111
KAEIAEFF_03007	12
KAEIAEFF_03008	4514
KAEIAEFF_03009	391
KAEIAEFF_03010	0
KAEIAEFF_03011	3
KAEIAEFF_03012	204
KAEIAEFF_03013	276
KAEIAEFF_03014	9
KAEIAEFF_03015	0
KAEIAEFF_03016	6
KAEIAEFF_03017	55
KAEIAEFF_03023	4
KAEIAEFF_03024	2
KAEIAEFF_03025	2
KAEIAEFF_03026	54
KAEIAEFF_03030	602
KAEIAEFF_03032	10
KAEIAEFF_03034	3385
KAEIAEFF_03035	3
KAEIAEFF_03037	1
KAEIAEFF_03042	0
KAEIAEFF_03043	11
KAEIAEFF_03044	66
KAEIAEFF_03045	364
KAEIAEFF_03046	643
KAEIAEFF_03050	339
KAEIAEFF_03052	138
KAEIAEFF_03053	750
KAEIAEFF_03054	495
KAEIAEFF_03056	22
KAEIAEFF_03057	10
KAEIAEFF_03058	13012
KAEIAEFF_03061	242
KAEIAEFF_03062	77
KAEIAEFF_03066	9
KAEIAEFF_03067	3
KAEIAEFF_03068	21
KAEIAEFF_03069	39
KAEIAEFF_03070	42
KAEIAEFF_03071	19
KAEIAEFF_03072	26
KAEIAEFF_03073	6
KAEIAEFF_03074	1
KAEIAEFF_03075	6
KAEIAEFF_03076	7
KAEIAEFF_03077	87
KAEIAEFF_03080	2414
KAEIAEFF_03081	1533
KAEIAEFF_03082	101
KAEIAEFF_03084	460
KAEIAEFF_03085	962
KAEIAEFF_03086	5
KAEIAEFF_03087	137
KAEIAEFF_03088	119
KAEIAEFF_03089	1046
KAEIAEFF_03090	361
KAEIAEFF_03091	72
KAEIAEFF_03092	84
KAEIAEFF_03093	445
KAEIAEFF_03094	40
KAEIAEFF_03095	379
KAEIAEFF_03096	228
KAEIAEFF_03097	301
KAEIAEFF_03098	523
KAEIAEFF_03099	0
KAEIAEFF_03100	0
KAEIAEFF_03101	0
KAEIAEFF_03102	94
KAEIAEFF_03103	336
KAEIAEFF_03105	988
KAEIAEFF_03106	1244
KAEIAEFF_03107	252
KAEIAEFF_03108	18
KAEIAEFF_03109	811
KAEIAEFF_03110	3165
KAEIAEFF_03111	345
KAEIAEFF_03112	1739
KAEIAEFF_03113	1650
KAEIAEFF_03114	3811
KAEIAEFF_03115	440
KAEIAEFF_03116	785
KAEIAEFF_03117	763
KAEIAEFF_03118	845
KAEIAEFF_03119	169
KAEIAEFF_03120	460
KAEIAEFF_03121	48
KAEIAEFF_03122	130
KAEIAEFF_03123	0
KAEIAEFF_03124	0
KAEIAEFF_03125	0
KAEIAEFF_03126	0
KAEIAEFF_03127	0
KAEIAEFF_03128	0
KAEIAEFF_03129	0
KAEIAEFF_03130	33
KAEIAEFF_03131	1
KAEIAEFF_03132	0
KAEIAEFF_03133	6
abfA_1	403
abfA_2	67
abgB_1	0
abgB_2	0
accA	1510
accB	1065
accD	1548
ackA	2658
acpA_1	867
acpA_2	1534
acpP	6399
acpS	1160
act	1562
acuI	2205
acuR	824
acyP	4736
adaA	118
addA	22205
addB	19836
adeC	8175
adh	7
adhE	208364
adhR	309
adk	12071
aes_1	89
aes_2	1057
afr_1	2582
afr_2	4316
agaC	116
agaS	3690
agaSK_1	370
agaSK_2	191
agaSK_3	820
agrA_1	538
agrA_2	8
agrB	6139
ahpC	381
ahpF	1346
alaA	7010
alaS	9792
albF	4092
aldC	998
algC	7410
alr	7267
alsS	935
ampH	1153
amt	27
anr	1014
ansA	1327
apbE	2339
apc1	138
appA	100534
apt	2695
araA	76
araB	39
araC_1	475
araC_2	181
araC_3	64
araC_4	168
araD	61
araN_1	1372
araN_2	24
araQ_1	190
araQ_2	51
araQ_3	72
araQ_4	35
araQ_5	9
araQ_6	26
araQ_7	19
araR_1	986
araR_2	1599
arcA	8538
arcB	2410
arcC1	388
arcD1_1	5564
arcD1_2	7422
argR_1	5758
argR_2	2696
argR_3	3244
argS	209270
arlR_1	908
arlR_2	9519
arlS	18292
aroA	2599
aroB	1749
aroC	2465
aroD	1900
aroE	1027
aroF	1101
aroK	519
arsC	135
artM_1	9
artM_2	10959
artM_3	18886
asd	9018
asnB	12703
asnS	10367
aspS	15081
atpA	33534
atpB	10476
atpC	14279
atpD	26700
atpE_1	3108
atpE_2	4562
atpF	7261
atpG	17345
atpH	4797
axe2	1096
azoR	2674
bacC	2257
banIM	30
bbmA	170
bca	2085
bceA_1	1176
bceA_2	2268
bceB_1	4535
bceB_2	10546
bcr	68
bcrC	884
benM	411
bepA	11224
betI	317
bfrA	195
bglC	4031
bglF_1	598
bglF_2	429
bglF_3	175
bglF_4	29651
bglF_5	484
bglH_1	604
bglH_2	1410
bglH_3	5663
bglK	344
bin3_1	1427
bin3_2	4044
bin3_3	368
bin3_4	123
bin3_5	67
bin3_6	112
bioY2	56728
birA	4562
bmr3	140
brnQ_1	25402
brnQ_2	207
bsaA	3412
bsdC	183
cadA	2995
cah	4521
carA	7907
carB	21573
cas2_1	3
cas2_2	3
catE	9079
catM	803
cbh_1	65
cbh_2	30
cbh_3	7421
cca	5974
ccpA_1	1375
ccpA_2	19048
ccpB	1002
cdaA	11371
cdaR_1	26263
cdaR_2	2
cdd	3280
cdr_1	925
cdr_2	2273
cdsA	965
celA_1	1010
celA_2	1183
celA_3	7896
cfa	2599
cfiB_1	2587
cfiB_2	33629
cggR	4595
chbC	17208
chbR	1
chrR	1529
chvE	1
cinA	2645
citS	36
clcA	2231
clpB	4312
clpC	34100
clpE	23291
clpP_1	3877
clpP_2	338
clpX	42524
clpY	7722
clsA_1	4395
clsA_2	3170
cmk	1534
cmpD	8657
cmtB_1	22
cmtB_2	3
cna	4905
coaA	6482
coaBC_1	2851
coaBC_2	1762
coaD	1417
coaE	1742
cobB	1153
cobQ	2615
codY	4857
coiA	624
comC	29
comEA	76
comEC	1806
comFA	64
comGA	43
comGC	8
copA	3734
copB	6270
copY	546
copZ	303
corA_1	993
corA_2	13002
corC_1	1762
corC_2	9935
cpdA_1	1467
cpdA_2	7476
crr_1	12
crr_2	296
crr_3	176
crtK-2	7402
csbC	17
cshA	13427
cshB	12249
csp	6648
cspD	33034
cspL	18099
cspLA_1	18522
cspLA_2	57072
ctc	18214
ctpE_1	4272
ctpE_2	484
ctsR	2265
cvfB	3101
cwlC	36
cycA	3634
cypC	6420
cysE	1708
cysK	25521
cysL	2768
cysM	3997
cysS	3618
czcD	1077
czrA	486
dacA	6009
dagK_1	1432
dagK_2	27952
dapA	8602
dapB	5291
dapE	4479
dapF	11737
dapH	5622
dauA	1127
dcuR	694
dcuS_1	1024
dcuS_2	1850
ddc	695
ddl_1	5561
ddl_2	1078
def_1	907
def_2	3242
degA_1	1450
degA_2	1352
degA_3	2901
degA_4	658
deoB	13276
deoC	6820
deoD	15967
der_1	4643
der_2	7167
desK	573
desR	459
dgaE	256
dgaF	247
dgaR_1	8399
dgaR_2	26
dgaR_3	203
dgaR_4	7248
dgaR_5	23206
dgaR_6	6684
dgaR_7	777
dgkA	2400
dgs	6704
dhaK	2625
dhaL	1316
dhaM	1315
dhaS	2875
dinB_1	2680
dinB_2	3999
dinB_3	2079
dinB_4	1339
dinF	10745
dinG_1	5890
dinG_2	3906
divIB	10145
divIVA	33413
dltA	1236
dltC	715
dnaA	14558
dnaB	13378
dnaC	3892
dnaD	2084
dnaE	14230
dnaG	11692
dnaI	17558
dnaJ	3929
dnaK	24852
dnaN	7971
dnaX_1	3687
dnaX_2	9036
doc	296
dppC	22429
dppE	270156
dprA	147
dps	33972
drrA	1848
dtd	8518
dtd3_1	2110
dtd3_2	1353
dtpT_1	4825
dtpT_2	2325
dtxR	1106
dus_1	1221
dus_2	2824
dut	3274
dxs	1128
ebgA	189
ecdB	60
ecfA1	5813
ecfA2_1	7081
ecfA2_2	109
ecfT	3582
ecsA_1	1849
ecsA_2	3123
efp	8336
emrB	143
endA	1880
engB	4629
eno	99563
epsF	62
epsH	3596
epsJ_1	2428
epsJ_2	1264
epsJ_3	465
epsJ_4	734
epsL	1415
epsN	2605
era	11220
eriC	410
est	2464
ettA_1	900
ettA_2	5805
exoA	2414
exuR_1	784
exuR_2	2428
exuR_3	2560
ezrA	40224
fabD	1246
fabF	1737
fabG_1	1387
fabG_2	3270
fabG_3	19
fabH	3063
fabI	1833
fabZ_1	670
fabZ_2	1446
fba	75852
fbp	3463
fcbA1	8157
feoB	4059
fepC	773
feuB_1	9676
feuB_2	419
feuC	513
ffh	11497
fhs1	41783
fhuC	12508
fieF	3326
fldH_1	65
fldH_2	27
fliY	836
fmnP	2200
fmt	4751
fni	5029
fnr	585
folA_1	1970
folA_2	580
folA_3	706
folD	5967
folT_1	15272
folT_2	246403
fosX	23
fpgS	4667
fra	776
frlB_1	45
frlB_2	801
frlB_3	180
frmB	761
frr	6779
fruA_1	2129
fruA_2	659
fruA_3	47
fruA_4	51
fruA_5	30
fsaA	27
ftsA	31456
ftsE	9667
ftsH	58553
ftsK_1	199
ftsK_2	60
ftsL_1	7672
ftsL_2	3709
ftsL_3	74
ftsW_1	8426
ftsW_2	736
ftsX	11966
ftsY	6820
ftsZ	30930
fucO	74
fur	1967
fus	81117
gabR	116
gadC_1	333
gadC_2	18
galE	9224
galK_1	365
galK_2	857
galM_1	260
galM_2	3390
galT	11400
ganB	73
gap_1	54822
gap_2	122139
garB	4922
garK	1657
gatA_1	4
gatA_2	6790
gatA_3	206
gatB_1	5
gatB_2	15305
gatC_1	44
gatC_2	3082
gatC_3	743
gbpA	1067
gbuB	22593
gcvH	2545
gdh	13090
gdhIV	10926
gdpP	9350
ghrB	1573
gla	6124
glcB	436
glcK	3107
glcR_1	484
glcR_2	319
glcU_1	3705
glcU_2	9262
gldA	8237
glmM	28398
glmS	15938
glmU	15451
glnA	94092
glnH	9467
glnM_1	1423
glnM_2	26780
glnP_1	16849
glnP_2	2080
glnQ_1	7819
glnQ_2	221
glnR	20452
gloA	10502
glpE_1	2829
glpE_2	1839
glpE_3	360
glpF	22
glpK	659
glpO	133
glpQ_1	2170
glpQ_2	1504
glsA	36
gltC_1	377
gltC_2	740
gltX	23333
gluP	555
glvR	83
glxK	54
glxR	9877
glyA	16812
glyQ	616
glyS	5142
gmk_1	31439
gmk_2	62
gmuC_1	808
gmuC_2	60
gmuD_1	591
gmuD_2	426
gmuE_1	246
gmuE_2	357
gmuE_3	50
gmuE_4	132
gmuE_5	255
gmuF	8090
gmuR	1098
gnd	22399
gno	518
gor	7613
gph_1	1762
gph_2	1007
gph_3	911
gpmA_1	40491
gpmA_2	1503
gpmI	293
gpsA_1	13890
gpsA_2	4287
gpsB	9105
graR	4041
graS	3636
greA	7142
groL	55031
groS	1724
grpE	3001
gshAB	10529
gsiC	7071
gspA_1	9376
gspA_2	14263
gtaB_1	16199
gtaB_2	5391
guaA_1	47222
guaA_2	245
guaB	60450
guaC	4913
gyrA	42760
gyrB	18420
hcf136	717
hchA	3927
hdhA	28
helD_1	4631
helD_2	7130
hemN	1669
hepT	2371
hflX	5359
hhaIM	14
hin	6793
hisK	1956
hisS	3698
hmo	689
hmpT	9374
hmuU	20204
hosA	230
hpaIIM	2
hpdA	24
hpf	76219
hprK	4688
hpt	8355
hrcA	2975
hrtA_1	9
hrtA_2	772
hsdR	15305
hsdS	5680
hslO	2038
hslR	962
hslV	1663
hssR	701
hssS	680
htrA	13351
hupA	51518
hxlB	505
hypBA2	10220
iadA	7488
iap_1	10
iap_2	90
icaR	821
iclR	567
ileS	5166
ilvE	7532
immA	460
immR	495
infA	7125
infB	20204
infC	37303
intQ_1	417
intQ_2	670
irtA	355
iscS_1	2008
iscS_2	1953
iscU	4754
ispD	2664
ispE	7325
kbaY	145
kdgA	2852
kdgK	2310
kduI1	1071
kfoC	8579
kojP	75
ktrA	12455
kup	14305
lacC_1	312
lacC_2	565
lacD	1677
lacD2	19
lacE_1	35
lacE_2	83
lacF_1	456
lacF_2	14
lacF_3	42
lacF_4	81
lacF_5	12
lacF_6	20
lacG_1	34
lacG_2	43
lacG_3	17
lacL	148
lacM	222
lacR_1	814
lacR_2	60
lacR_3	1195
lacS	52
lciA	918
ldh	40380
ldhB	12956
ldtA	7328
lepA	8911
leuS	13142
levD_1	2135
levD_2	55
lexA	3989
lgt	3124
lhpI	65
liaS	3163
licA_1	29
licA_2	13078
licC_1	147
licC_2	83
licC_3	307
licH	1707
licR_1	2483
licR_2	36
licT_1	7533
licT_2	105
licT_3	71
licT_4	4379
ligA_1	6865
ligA_2	1285
lipC	6421
lipL	328
lipO_1	52
lipO_2	143
lolD	21
lon	4610
lplJ	11128
lrgA	472
lrp	486
lrpC	313
lspA	3740
lsrC_1	251
lsrC_2	5917
ltaS1_1	2167
ltaS1_2	26496
ltaS1_3	2460
ltrA_1	0
ltrA_2	6
ltrA_3	0
ltrA_4	4
ltrA_5	12
ltrA_6	3
ltrA_7	1
luxA	1441
luxS	8516
lysA	13854
lysS	32024
lytA_1	0
lytA_2	263
lytA_3	14
lytA_4	0
lytG	7510
lytR_1	15653
lytR_2	2683
maa	3387
macB	463
maf	2624
malF	189
malG	11
malH	118
malL_1	385
malL_2	8272
malP	316
manP	8899
manR_1	71
manR_2	472
manR_3	2507
manX_1	2
manX_2	28
manX_3	84
manX_4	65770
manX_5	21789
manX_6	974
manZ_1	47
manZ_2	3
manZ_3	47
manZ_4	24
manZ_5	14184
manZ_6	727
manZ_7	1792
manZ_8	66
map	9808
mapP	124
mapZ	5625
marR	1640
mazE	18910
mazF	542
mccF	610
mdxE	2392
mecA	22461
melR	3325
menA	154
menH_1	2736
menH_2	79
mepM_1	936
mepM_2	1143
metB	4644
metE	1602
metG	22496
metK	7809
metN2	790
metN_1	0
metN_2	0
metP_1	0
metP_2	1388
metP_3	0
metQ_1	0
metQ_2	4865
metQ_3	0
mfd	10129
mfpA	538
mglA	34022
mgsA	1331
mgsR	1391
mgtA	984
mgtB	0
mgtE	3790
mhqA	149
mhqD	47
miaA	2589
misCA	4002
mleS	29
mltG	6518
mngA	10
mngB	242
mngR	1713
mnmA	12711
mnmE	2524
mnmG_1	6111
mnmG_2	2525
mntB_1	1363
mntB_2	1239
mntH	4888
mntR	127
moeZ	151
mprA	971
mprF_1	10005
mprF_2	3185
mraY	5013
mraZ	7984
mreC	11153
mrnC	1622
mro_1	563
mro_2	98
mrp	14699
mscL	4356
mshD_1	3571
mshD_2	1806
msmE	21
msrA_1	2509
msrA_2	4455
msrB	5557
msrC	2137
msrR_1	6198
msrR_2	472
mta	881
mtlA_1	78
mtlA_2	578
mtlA_3	222
mtlD	1
mtlF_1	3
mtlF_2	184
mtlR_1	670
mtlR_2	322
mtnB	27
mtnN	2934
murA1_1	32814
murA1_2	8565
murB	4393
murC	10820
murD	3270
murE	4731
murF_1	3722
murF_2	2817
murG	4058
murI	835
murJ_1	1996
murJ_2	1061
murJ_3	2035
murQ	328
murR_1	345
murR_2	157
mutL	7873
mutM	5639
mutS2_1	2169
mutS2_2	21492
mutS_1	7536
mutS_2	4311
mutY	3336
mvaA	8265
mvaS	3803
nadD	3623
nadE	10509
nadR	4439
nagA	10170
nagB	845
nagE	50
nagJ	50
nanE_1	193
nanE_2	110
napA	1367
natA_1	39
natA_2	5335
natA_3	265
natA_4	23
ndk	9288
ndoA	1821
ndvA	606
nfo_1	89
nfo_2	883
nhaC_1	0
nhaC_2	1
nhaC_3	41
nhaC_4	64
nhaC_5	878
nhaK	2245
niaX	38094
nirC	551
nlhH	13239
nnrD	2236
nodM	15
norG	1044
noxE	54
nox_1	17156
nox_2	655
npr_1	9771
npr_2	2936
nrdD	12775
nrdE1	27793
nrdF	16716
nrdG	1360
nrdH	11060
nrdR	4408
nrnA	3739
ntcA	504
nth	4446
ntpA	19780
ntpB	26091
ntpC	12664
ntpD	15958
ntpG	3154
ntpJ_1	11056
ntpJ_2	1493
ntpK	2144
nupC	661
nusA	8059
nusB	11200
nusG	3120
nylA	6953
oatA	36425
obg	9498
ogt	3335
ohrA	495
ohrB_1	16998
ohrB_2	64301
ohrR	1352
oppB	25988
oppD_1	12698
oppD_2	45484
oppF_1	13585
oppF_2	37968
opuAA	6851
opuBB	3487
opuCA_1	2820
opuCA_2	2905
opuCB	525
opuCC	1455
opuCD	385
oxyR	7292
padC	95
paiA	196
panE	7527
panT_1	3861
panT_2	1087
parB	4367
parC	21879
parE	10689
patA_1	11751
patA_2	1836
patB	1882
pbp	172433
pbpF	6637
pbpX_1	230
pbpX_2	13446
pbuG	1122
pbuO	49486
pcp	3502
pcrA	7476
pdhA	4259
pdhB	3414
pdhC	10046
pdhD	8221
pdp	4066
pdxK	8369
pehX	162
pelX	155
pemA	31
pemK	14904
penA	16137
pepA	13855
pepC	22171
pepF1_1	6526
pepF1_2	22717
pepO	12305
pepQ	7391
pepS	16398
pepT	2382
pepV	44908
perR	1973
pezT	5614
pfkA	40591
pfkB	133
pflA	1481
pflB	5921
pgaC	3580
pgcA	16549
pgdA	1005
pgdS	11
pgi	39118
pgk	73995
pglA	786
pglF	1601
pglH_1	5145
pglH_2	824
pgl_1	30
pgl_2	2329
pgmB	57
pgpH	18486
pgsA	5149
pgsA1	1167
phaJ	5647
pheA	1904
pheS	1466
pheT_1	5499
pheT_2	7019
phnW	44
phnX_1	0
phnX_2	39
phoP	3642
phoR_1	3407
phoR_2	1910
phoR_3	3357
phoR_4	11541
phoU	9860
pimA	328
pinR	539
pisA	133
plsC	2166
plsX	13444
plsY	2512
pncB2	7206
pnp	46174
pnuC	1110
polA	10020
polC_1	14706
polC_2	2201
ponA_1	10547
ponA_2	35753
por_1	79
por_2	9872
potA_1	1369
potA_2	468
potB	966
potD	3004
pox5	6150
ppaC	6384
pphA	4338
ppm1	4091
ppnKA	3320
prfA	5455
prfB	4434
prfC	3874
priA	8289
prkC	27414
prmA	1457
prmC_1	1210
prmC_2	739
proA	6507
proB	2694
proC	2711
proS	16531
proX_1	99
proX_2	701
prs	10890
prs2	15293
prsA_1	4002
prsA_2	29721
prsA_3	500
pspB_1	1813
pspB_2	2560
pspB_3	2514
pstA	4538
pstB3_1	6961
pstB3_2	8729
pstC1	6091
pstS1_1	1534
pstS1_2	2423
pta	3813
pth	562
ptsG_1	1638
ptsG_2	462
ptsG_3	64
ptsH	20349
ptsI	114047
pucK	24354
punA	13825
purA	63244
purB	96787
purC	72256
purD	157132
purE	10904
purF	106572
purH	138251
purK	34506
purL	220770
purM	94334
purN	33574
purQ	70117
purR_1	2440
purR_2	3889
purS	17573
puuD	2419
puuR	209
pyk	46896
pyrB	4422
pyrC	5347
pyrDA	11612
pyrDB	2886
pyrE	5227
pyrF	4187
pyrG	2630
pyrH	4913
pyrK_1	2997
pyrK_2	1662
pyrP	4462
pyrR	3700
qorB	338
qseB	1310
queA	11540
queG	11285
queT_1	1686
queT_2	1014
radA	9119
rapA	9807
rasP	5977
rbbA	1621
rbfA	11082
rbgA	1967
rbn_1	5426
rbn_2	78
rbsD	1356
rbsK/rbiA	7205
rbsR	495
rclA	6605
recA	30385
recD2	4260
recF	7790
recG	11582
recJ	8451
recN	21220
recO	1220
recQ_1	1382
recQ_2	3646
recR	6136
recU	587
recX	1089
relA	86986
repD	389
repN	358
resA	830
rex_1	6607
rex_2	1211
rfbA	5706
rfbC	4178
rhaA	56
rhaB	185
rhaD	43
rhaM	33
rhgT	67
rho	4323
ribF	896
ribX	1629
ribZ_1	119
ribZ_2	392
ricR	302
rifL	16
rihB	10796
rimI_1	805
rimI_2	437
rimM	1338
rimP	2614
rlmA	498
rlmCD_1	3051
rlmCD_2	1931
rlmH	344
rlmI	2160
rlmL	10157
rlmN	2885
rluB_1	2268
rluB_2	5750
rluD_1	987
rluD_2	4354
rluD_3	9269
rmd	2995
rmlB	20957
rmlD	6626
rnc	3601
rnhA	131
rnhB	1718
rnhC	991
rnj1	18028
rnj2	29087
rnmV	1357
rnpA	912
rnr	18461
rny_1	58564
rny_2	16541
rnz	2303
rodA	8207
rpe_1	3645
rpe_2	990
rph	4239
rpiA	3143
rpiR	521
rplA	14632
rplB	22321
rplC	24301
rplD	14301
rplE	12149
rplF	16975
rplGA	3139
rplI	4129
rplJ	50331
rplK	16832
rplL	20904
rplM	6695
rplN	11216
rplO	13971
rplP	15195
rplQ	37976
rplR	14181
rplS	8522
rplT	9160
rplU	21434
rplV	10541
rplW	9320
rplX	21084
rpmA	33079
rpmB	8292
rpmC	6083
rpmD	4761
rpmE2	11472
rpmF_1	56
rpmF_2	4537
rpmG2	798
rpmGA_1	130
rpmGA_2	450
rpmH	505
rpmI	6078
rpmJ	10707
rpoA	30365
rpoB	59720
rpoC	56420
rpoE	14709
rpoN1	5080
rpoZ	20080
rppH	712
rpsA	5820
rpsB	13060
rpsC	28702
rpsD	17173
rpsE	21524
rpsF	8635
rpsG	27860
rpsH	13129
rpsI	11721
rpsJ	4385
rpsK	10709
rpsL	22187
rpsM	11973
rpsN1	8319
rpsN2_1	898
rpsN2_2	194
rpsO	22644
rpsP	9157
rpsQ	19051
rpsR	8414
rpsS	8992
rpsT	3788
rpsU	90687
rsfS	2491
rsgA	11746
rsiV	705
rsmA_1	3161
rsmA_2	2778
rsmB	9025
rsmC	1961
rsmD	1560
rsmE	1432
rsmF	928
rsmG	1209
rsmH_1	4085
rsmH_2	19629
rsmI	1165
rspR_1	987
rspR_2	351
rsuA	4301
ruvA	3987
ruvB	7658
sacA	70
sacY	350
sbcC	7374
sbcD	628
scpA	4219
scpB	3570
scrB_1	38
scrB_2	2051
sdhA	3684
sdhB	3139
sdrD	1815
secA	37713
secE	271
secG	4493
secY	41172
sepF	23057
serS	4484
sfsA	2684
sgbE	2
sigA	25527
sigH	14
sigV	293
sipV	6980
sle1	5109
smc_1	12528
smc_2	29298
smc_3	1650
smc_4	641
smc_5	19758
smc_6	2082
smpB	2479
sodA	34360
soj_1	2586
soj_2	4107
soj_3	302
soj_4	2200
soj_5	2880
sorA_1	0
sorA_2	34
sorA_3	19209
sorA_4	2176
sorA_5	22
sorB_1	151
sorB_2	1
sorC_1	37
sorC_2	4078
sorF	22
soxS	461
spoIIIE	9288
sppA	10176
spsB	2072
spxA_1	3204
spxA_2	5255
spxA_3	47878
spxA_4	35
spxA_5	16
srlA	2
srlB	39
srlE	37
srlR	120
srrA_1	4315
srrA_2	2503
srrB	1059
ssaB_1	4267
ssaB_2	1537
ssbA	388
ssb_1	41411
ssb_2	594
ssb_3	1553
sstT	4032
ssuB	1326
steT_1	51
steT_2	2636
stp	8475
sttH	61
sufB_1	18762
sufB_2	13442
sufS	7172
sugC	3252
sugE	98
suhB	1605
tadA_1	855
tadA_2	869
tag	625
tagG	584
tagH	2335
tagO	3099
tcyP	15447
tdk	1423
tee6	517
tetA	18
tetR	879
tgt	669
thiD	1427
thiI	5213
thiN	9420
thiO	657
thiT	3022
thiY	2302
thlA	3560
thrB	849
thrS	7933
thyA	3021
tig	17996
tilS	4307
tkt	143649
tlyA	5542
tmk	8814
tmpC	113404
topA	4188
topB_1	14046
topB_2	3282
topB_3	121
topB_4	470
tpiA	44564
tqsA_1	1189
tqsA_2	1273
tqsA_3	7044
tqsA_4	6428
treA	1295
treB	763
treP_1	50
treP_2	427
treP_3	261
treR	1298
trmB	624
trmD	4270
trmFO	4589
trmK	680
trmL	828
trpS2	2474
truA	1084
truB	702
trxA_1	4119
trxA_2	660
trxB	6315
tsaB	476
tsaD	2221
tsaE	850
tsf	22564
tuf_1	227455
tuf_2	65616
typA	15135
tyrA	2535
tyrS1	12157
ubiB	3165
ubiE_1	376
ubiE_2	4067
udk	3399
ugd	1431
ugl_1	441
ugl_2	182
ugpB	23
ulaA_1	15
ulaA_2	270
ulaB_1	6
ulaB_2	11
ulaC	9205
ulaD	38
ulaE	27
ulaG	14
ung	941
upp	10167
uppP	839
uppS	2390
uvrA	14807
uvrB	8100
uvrC_1	1000
uvrC_2	4424
uxaA	264
uxaB	368
uxaC	197
uxuA_1	89
uxuA_2	19
valS	17059
vanA_1	0
vanA_2	1
vanH_1	0
vanH_2	4
vanX_1	1789
vanX_2	7
vioD	7269
vraR	2242
walK_1	3520
walK_2	6988
walK_3	492
walK_4	0
walR_1	5640
walR_2	39
walR_3	0
wbbD	3185
wbbL	3406
wbgU_1	13318
wbgU_2	565
wecA	3666
whiA	5358
xerC_1	1082
xerC_2	47
xerC_3	2291
xerC_4	1721
xerD_1	640
xerD_2	1310
xerD_3	5628
xerD_4	789
xerD_5	193
xerS_1	2656
xerS_2	972
xpkA_1	3671
xpkA_2	7773
xpkA_3	1934
xpt	15179
xre	1798
xseA	8610
xseB	1383
xylB_1	1806
xylB_2	2
xylF	349
xylG	12
xylH	43
xynB	137
yabA	2839
yacL	8212
yadH	747
ybaK_1	2015
ybaK_2	159
ybbH_1	2112
ybbH_2	206
ybdH	0
ybeY	3798
ybhF	233
ybhL	23294
ybiT_1	4665
ybiT_2	994
ybiT_3	816
ybjG	214
ycaM	6753
yccF	273
yceM	2056
ychF	12669
yciC	608
ycjO	2
ycjP	6
yckB	2988
yclM	14405
yclQ	41113
ydbD	2144
ydcP_1	2118
ydcP_2	4856
ydcV	1313
yddE	197
ydeA	3342
ydfK	24
ydhF	138108
ydjZ	466
yecD_1	2467
yecD_2	5076
yecD_3	545
yecS_1	2015
yecS_2	260
yehU_1	77
yehU_2	141
yesO	30
yesS	101
yfbR	2928
yfdH	968
yfiC	556
yfiY	13820
yfkJ	8147
yfkN	2299
yfmL	5529
yfmO_1	3
yfmO_2	1
yfnB_1	1882
yfnB_2	335
ygaZ_1	223
ygaZ_2	888
ygfA	626
yghA	36513
yhaM	8179
yhaO	2920
yhaX	4450
yhdG	2437
yhdN	13193
yheH	6082
yheI	6532
yheS_1	8754
yheS_2	5389
yhfK	2866
yhhX	1582
yidA_1	3184
yidA_2	3467
yidA_3	2429
yidC	2488
yifK	6423
yigZ	1092
yitU	5630
yjaB	145
yjbK	933
yjbM	2043
yjcD	5257
yjhB_1	1137
yjhB_2	5885
yjhB_3	306
yjiA	1220
yjlD	7018
yjmB	37
yknY_1	57
yknY_2	5812
ykoD	95
ykuL	1897
ykuT	779
ymfD	18
yniC	213
yoaB	452
yodB	9993
yodC_1	191
yodC_2	305
yodJ	12140
yoeB	14501
yohK	591
ypdA_1	282
ypdA_2	1634
ypdF	19986
ypfD	49715
ypwA	14943
yqfL	1088
yqiK	9145
yrrK	29074
ysdC	9384
ysnF	41260
ytcD	48
yteP_1	24
yteP_2	21
yteP_3	19
yteR	8
yteT	107
ytfQ	51
ytlR	532
ytpP	5784
yuaF	2660
yugI_1	16259
yugI_2	978
yumC	2088
yurK	205
yutF	5760
yvbK	903
yvbW	5143
yvcJ	7104
yvdD	242
yvdM_1	1333
yvdM_2	21
yvgN	20828
yvoA_1	1767
yvoA_2	517
yvoA_3	790
ywiB	1033
ywlC	1183
ywnA	839
ywpJ_1	387
ywpJ_2	5811
ywqC	2241
ywqD	1720
ywqE	687
ywrO	776
yxdL_1	700
yxdL_2	16
yxeP	7910
yycI	3779
yycJ	3963
zapA	971
ziaA	1130
zitB	692
znuA_1	174
znuA_2	1887
znuA_3	993
znuB	603
znuC_1	1177
znuC_2	1014
znuC_3	819
zosA	1775
zupT	1538
zur	457
zwf	5381
__no_feature	9327076
__ambiguous	689379
__too_low_aQual	504402
__not_aligned	224274
__alignment_not_unique	0
