DNPH1	12735
Int-Tn_1	1968
Int-Tn_2	2975
KAEIAEFF_00001	0
KAEIAEFF_00008	0
KAEIAEFF_00009	0
KAEIAEFF_00012	68
KAEIAEFF_00014	2089
KAEIAEFF_00017	2996
KAEIAEFF_00018	1747
KAEIAEFF_00019	13971
KAEIAEFF_00022	314
KAEIAEFF_00027	3
KAEIAEFF_00029	2935
KAEIAEFF_00030	1202
KAEIAEFF_00032	154
KAEIAEFF_00033	816
KAEIAEFF_00034	143
KAEIAEFF_00035	8
KAEIAEFF_00036	22
KAEIAEFF_00037	168
KAEIAEFF_00038	2468
KAEIAEFF_00039	248
KAEIAEFF_00041	252
KAEIAEFF_00043	181
KAEIAEFF_00044	503
KAEIAEFF_00045	0
KAEIAEFF_00046	0
KAEIAEFF_00048	4584
KAEIAEFF_00049	4613
KAEIAEFF_00050	130
KAEIAEFF_00051	47
KAEIAEFF_00052	160
KAEIAEFF_00053	15
KAEIAEFF_00054	672
KAEIAEFF_00055	981
KAEIAEFF_00056	302
KAEIAEFF_00057	888
KAEIAEFF_00063	4261
KAEIAEFF_00071	68
KAEIAEFF_00072	2674
KAEIAEFF_00076	2826
KAEIAEFF_00077	1804
KAEIAEFF_00083	614
KAEIAEFF_00084	4181
KAEIAEFF_00087	4147
KAEIAEFF_00092	1654
KAEIAEFF_00094	5156
KAEIAEFF_00095	9864
KAEIAEFF_00100	1
KAEIAEFF_00101	46
KAEIAEFF_00102	23
KAEIAEFF_00103	128
KAEIAEFF_00104	12
KAEIAEFF_00106	80
KAEIAEFF_00111	116
KAEIAEFF_00112	39
KAEIAEFF_00114	1743
KAEIAEFF_00115	37
KAEIAEFF_00116	114
KAEIAEFF_00117	478
KAEIAEFF_00122	201
KAEIAEFF_00125	1530
KAEIAEFF_00128	947
KAEIAEFF_00129	19689
KAEIAEFF_00131	4052
KAEIAEFF_00136	4428
KAEIAEFF_00137	500
KAEIAEFF_00144	1162
KAEIAEFF_00145	469
KAEIAEFF_00146	44
KAEIAEFF_00147	1
KAEIAEFF_00169	2556
KAEIAEFF_00170	7925
KAEIAEFF_00171	1129
KAEIAEFF_00173	844
KAEIAEFF_00174	2072
KAEIAEFF_00179	2134
KAEIAEFF_00180	398
KAEIAEFF_00186	17843
KAEIAEFF_00190	2604
KAEIAEFF_00191	2598
KAEIAEFF_00192	2654
KAEIAEFF_00193	4438
KAEIAEFF_00194	1322
KAEIAEFF_00195	987
KAEIAEFF_00201	368
KAEIAEFF_00204	69
KAEIAEFF_00205	185
KAEIAEFF_00206	6176
KAEIAEFF_00208	1623
KAEIAEFF_00209	905
KAEIAEFF_00212	844
KAEIAEFF_00213	301
KAEIAEFF_00214	5119
KAEIAEFF_00226	3146
KAEIAEFF_00229	3
KAEIAEFF_00231	252
KAEIAEFF_00233	870
KAEIAEFF_00237	1941
KAEIAEFF_00238	2322
KAEIAEFF_00240	460
KAEIAEFF_00241	1031
KAEIAEFF_00246	100
KAEIAEFF_00252	584
KAEIAEFF_00255	1115
KAEIAEFF_00256	1312
KAEIAEFF_00259	3192
KAEIAEFF_00260	205
KAEIAEFF_00261	148
KAEIAEFF_00262	3194
KAEIAEFF_00265	0
KAEIAEFF_00269	721
KAEIAEFF_00271	854
KAEIAEFF_00272	439
KAEIAEFF_00273	467
KAEIAEFF_00274	77
KAEIAEFF_00275	25
KAEIAEFF_00277	375
KAEIAEFF_00278	219
KAEIAEFF_00283	1005
KAEIAEFF_00284	360
KAEIAEFF_00285	2414
KAEIAEFF_00286	4641
KAEIAEFF_00288	265
KAEIAEFF_00289	96
KAEIAEFF_00290	185
KAEIAEFF_00291	4004
KAEIAEFF_00292	3420
KAEIAEFF_00293	291
KAEIAEFF_00294	44
KAEIAEFF_00295	4
KAEIAEFF_00296	7
KAEIAEFF_00297	14
KAEIAEFF_00298	0
KAEIAEFF_00299	0
KAEIAEFF_00300	4
KAEIAEFF_00301	2
KAEIAEFF_00305	381
KAEIAEFF_00306	2971
KAEIAEFF_00307	12
KAEIAEFF_00308	15
KAEIAEFF_00312	5426
KAEIAEFF_00315	632
KAEIAEFF_00317	35
KAEIAEFF_00318	34
KAEIAEFF_00321	653
KAEIAEFF_00322	126
KAEIAEFF_00324	16
KAEIAEFF_00326	88
KAEIAEFF_00332	4048
KAEIAEFF_00335	6812
KAEIAEFF_00348	4249
KAEIAEFF_00349	57
KAEIAEFF_00351	11
KAEIAEFF_00352	28067
KAEIAEFF_00354	15751
KAEIAEFF_00355	8056
KAEIAEFF_00362	79
KAEIAEFF_00363	62
KAEIAEFF_00364	1669
KAEIAEFF_00365	1105
KAEIAEFF_00366	10269
KAEIAEFF_00368	1725
KAEIAEFF_00377	1208
KAEIAEFF_00378	2932
KAEIAEFF_00379	1831
KAEIAEFF_00381	138
KAEIAEFF_00382	6
KAEIAEFF_00387	1840
KAEIAEFF_00391	162
KAEIAEFF_00398	1711
KAEIAEFF_00399	3270
KAEIAEFF_00403	188
KAEIAEFF_00405	42
KAEIAEFF_00406	11959
KAEIAEFF_00417	1503
KAEIAEFF_00418	2950
KAEIAEFF_00419	4273
KAEIAEFF_00420	3506
KAEIAEFF_00426	346
KAEIAEFF_00427	3646
KAEIAEFF_00431	17
KAEIAEFF_00432	120
KAEIAEFF_00433	83
KAEIAEFF_00434	2
KAEIAEFF_00436	6198
KAEIAEFF_00437	19
KAEIAEFF_00438	178
KAEIAEFF_00439	128
KAEIAEFF_00440	53
KAEIAEFF_00445	1212
KAEIAEFF_00452	3937
KAEIAEFF_00456	5
KAEIAEFF_00460	84712
KAEIAEFF_00461	5804
KAEIAEFF_00463	8314
KAEIAEFF_00464	25
KAEIAEFF_00465	156
KAEIAEFF_00466	100
KAEIAEFF_00467	132
KAEIAEFF_00468	29
KAEIAEFF_00469	190
KAEIAEFF_00471	2424
KAEIAEFF_00515	14964
KAEIAEFF_00516	20522
KAEIAEFF_00532	208
KAEIAEFF_00533	43
KAEIAEFF_00534	271
KAEIAEFF_00535	117
KAEIAEFF_00536	2276
KAEIAEFF_00537	2570
KAEIAEFF_00538	643
KAEIAEFF_00539	34
KAEIAEFF_00540	1442
KAEIAEFF_00541	1410
KAEIAEFF_00544	4593
KAEIAEFF_00546	10796
KAEIAEFF_00557	2848
KAEIAEFF_00563	12675
KAEIAEFF_00564	185
KAEIAEFF_00570	2148
KAEIAEFF_00572	14349
KAEIAEFF_00596	14898
KAEIAEFF_00598	1805
KAEIAEFF_00599	1545
KAEIAEFF_00601	23383
KAEIAEFF_00602	3374
KAEIAEFF_00606	927
KAEIAEFF_00610	60
KAEIAEFF_00615	18
KAEIAEFF_00628	0
KAEIAEFF_00632	21
KAEIAEFF_00633	442
KAEIAEFF_00634	17
KAEIAEFF_00636	84
KAEIAEFF_00641	498
KAEIAEFF_00644	174
KAEIAEFF_00646	84
KAEIAEFF_00647	6
KAEIAEFF_00649	126
KAEIAEFF_00650	7
KAEIAEFF_00651	15
KAEIAEFF_00652	14
KAEIAEFF_00653	13
KAEIAEFF_00655	245
KAEIAEFF_00658	447
KAEIAEFF_00659	279
KAEIAEFF_00661	1902
KAEIAEFF_00662	34
KAEIAEFF_00664	55
KAEIAEFF_00665	30
KAEIAEFF_00666	0
KAEIAEFF_00667	37
KAEIAEFF_00669	5
KAEIAEFF_00670	20
KAEIAEFF_00671	0
KAEIAEFF_00674	389
KAEIAEFF_00676	130
KAEIAEFF_00679	6
KAEIAEFF_00680	13
KAEIAEFF_00681	13
KAEIAEFF_00682	162
KAEIAEFF_00683	3
KAEIAEFF_00685	177
KAEIAEFF_00689	40
KAEIAEFF_00693	1710
KAEIAEFF_00694	1142
KAEIAEFF_00697	126
KAEIAEFF_00699	392
KAEIAEFF_00702	18
KAEIAEFF_00706	132
KAEIAEFF_00707	823
KAEIAEFF_00708	33759
KAEIAEFF_00709	1453
KAEIAEFF_00713	723
KAEIAEFF_00714	1751
KAEIAEFF_00717	834
KAEIAEFF_00718	4573
KAEIAEFF_00728	10251
KAEIAEFF_00729	6056
KAEIAEFF_00731	6474
KAEIAEFF_00732	2137
KAEIAEFF_00734	3436
KAEIAEFF_00736	10297
KAEIAEFF_00751	6156
KAEIAEFF_00752	1604
KAEIAEFF_00753	972
KAEIAEFF_00754	4035
KAEIAEFF_00755	1801
KAEIAEFF_00768	2253
KAEIAEFF_00769	144460
KAEIAEFF_00771	754
KAEIAEFF_00772	3928
KAEIAEFF_00787	0
KAEIAEFF_00818	0
KAEIAEFF_00822	10480
KAEIAEFF_00823	13301
KAEIAEFF_00825	9720
KAEIAEFF_00827	15814
KAEIAEFF_00830	64646
KAEIAEFF_00831	95158
KAEIAEFF_00832	2937
KAEIAEFF_00833	197
KAEIAEFF_00834	3125
KAEIAEFF_00836	1533
KAEIAEFF_00837	543
KAEIAEFF_00841	17
KAEIAEFF_00844	197
KAEIAEFF_00849	239
KAEIAEFF_00850	100
KAEIAEFF_00852	718
KAEIAEFF_00853	977
KAEIAEFF_00855	427
KAEIAEFF_00860	17433
KAEIAEFF_00861	124
KAEIAEFF_00871	6
KAEIAEFF_00875	63
KAEIAEFF_00877	17
KAEIAEFF_00886	7797
KAEIAEFF_00889	2833
KAEIAEFF_00890	2513
KAEIAEFF_00892	2732
KAEIAEFF_00893	5293
KAEIAEFF_00899	25
KAEIAEFF_00900	36
KAEIAEFF_00901	65
KAEIAEFF_00902	42
KAEIAEFF_00906	925
KAEIAEFF_00907	6228
KAEIAEFF_00908	415
KAEIAEFF_00909	2039
KAEIAEFF_00910	2104
KAEIAEFF_00911	1381
KAEIAEFF_00920	16583
KAEIAEFF_00922	971
KAEIAEFF_00933	0
KAEIAEFF_00934	13854
KAEIAEFF_00940	3556
KAEIAEFF_00945	1460
KAEIAEFF_00949	188
KAEIAEFF_00950	180
KAEIAEFF_00953	3394
KAEIAEFF_00957	1276
KAEIAEFF_00958	2014
KAEIAEFF_00965	213
KAEIAEFF_00966	863
KAEIAEFF_00967	89
KAEIAEFF_00970	736
KAEIAEFF_00975	150
KAEIAEFF_00977	81
KAEIAEFF_00978	1069
KAEIAEFF_00982	66
KAEIAEFF_00983	72
KAEIAEFF_00984	35
KAEIAEFF_00985	327
KAEIAEFF_00987	8321
KAEIAEFF_00988	21999
KAEIAEFF_00991	11464
KAEIAEFF_00994	955
KAEIAEFF_00996	3319
KAEIAEFF_01000	390
KAEIAEFF_01001	970
KAEIAEFF_01002	1838
KAEIAEFF_01003	56
KAEIAEFF_01004	514
KAEIAEFF_01005	171
KAEIAEFF_01006	2169
KAEIAEFF_01007	417
KAEIAEFF_01008	87
KAEIAEFF_01009	66
KAEIAEFF_01010	122
KAEIAEFF_01011	99
KAEIAEFF_01012	36
KAEIAEFF_01013	5
KAEIAEFF_01014	54
KAEIAEFF_01015	5
KAEIAEFF_01016	167
KAEIAEFF_01017	258
KAEIAEFF_01018	519
KAEIAEFF_01019	17
KAEIAEFF_01020	35
KAEIAEFF_01021	63
KAEIAEFF_01022	25
KAEIAEFF_01023	63
KAEIAEFF_01024	40
KAEIAEFF_01025	59
KAEIAEFF_01026	53
KAEIAEFF_01027	56
KAEIAEFF_01028	0
KAEIAEFF_01029	0
KAEIAEFF_01030	0
KAEIAEFF_01031	0
KAEIAEFF_01033	130
KAEIAEFF_01034	943
KAEIAEFF_01035	9
KAEIAEFF_01036	17
KAEIAEFF_01037	47
KAEIAEFF_01038	77
KAEIAEFF_01039	4
KAEIAEFF_01040	13
KAEIAEFF_01041	63
KAEIAEFF_01042	13
KAEIAEFF_01043	19
KAEIAEFF_01044	7
KAEIAEFF_01045	27
KAEIAEFF_01046	17
KAEIAEFF_01047	11
KAEIAEFF_01048	8
KAEIAEFF_01049	6
KAEIAEFF_01050	10
KAEIAEFF_01051	7
KAEIAEFF_01052	7
KAEIAEFF_01053	0
KAEIAEFF_01054	126
KAEIAEFF_01055	65
KAEIAEFF_01057	0
KAEIAEFF_01058	0
KAEIAEFF_01059	0
KAEIAEFF_01060	39
KAEIAEFF_01061	0
KAEIAEFF_01062	0
KAEIAEFF_01063	0
KAEIAEFF_01066	0
KAEIAEFF_01067	0
KAEIAEFF_01068	0
KAEIAEFF_01069	0
KAEIAEFF_01070	0
KAEIAEFF_01071	4
KAEIAEFF_01072	9
KAEIAEFF_01074	604
KAEIAEFF_01075	10478
KAEIAEFF_01077	7446
KAEIAEFF_01080	5004
KAEIAEFF_01086	28391
KAEIAEFF_01087	14233
KAEIAEFF_01092	1
KAEIAEFF_01095	5363
KAEIAEFF_01100	10040
KAEIAEFF_01102	16925
KAEIAEFF_01104	0
KAEIAEFF_01108	10660
KAEIAEFF_01112	3968
KAEIAEFF_01113	39
KAEIAEFF_01114	0
KAEIAEFF_01115	3
KAEIAEFF_01117	1492
KAEIAEFF_01119	1948
KAEIAEFF_01128	21516
KAEIAEFF_01129	1229
KAEIAEFF_01133	82
KAEIAEFF_01134	4789
KAEIAEFF_01139	6361
KAEIAEFF_01141	11692
KAEIAEFF_01156	6108
KAEIAEFF_01158	25958
KAEIAEFF_01160	33695
KAEIAEFF_01161	16767
KAEIAEFF_01162	31201
KAEIAEFF_01163	2
KAEIAEFF_01164	1033
KAEIAEFF_01167	2808
KAEIAEFF_01171	0
KAEIAEFF_01174	0
KAEIAEFF_01176	1172
KAEIAEFF_01181	58978
KAEIAEFF_01206	0
KAEIAEFF_01211	5
KAEIAEFF_01212	456
KAEIAEFF_01213	3171
KAEIAEFF_01222	364
KAEIAEFF_01223	144
KAEIAEFF_01224	89
KAEIAEFF_01225	1
KAEIAEFF_01227	53
KAEIAEFF_01228	0
KAEIAEFF_01229	84
KAEIAEFF_01230	29
KAEIAEFF_01231	119
KAEIAEFF_01232	89
KAEIAEFF_01233	277
KAEIAEFF_01240	873
KAEIAEFF_01241	83
KAEIAEFF_01247	11
KAEIAEFF_01254	2453
KAEIAEFF_01255	507
KAEIAEFF_01256	1462
KAEIAEFF_01258	9
KAEIAEFF_01261	32116
KAEIAEFF_01266	17980
KAEIAEFF_01267	421
KAEIAEFF_01269	6383
KAEIAEFF_01270	2915
KAEIAEFF_01274	327
KAEIAEFF_01275	1368
KAEIAEFF_01279	0
KAEIAEFF_01283	14
KAEIAEFF_01285	2920
KAEIAEFF_01290	26416
KAEIAEFF_01291	17674
KAEIAEFF_01292	792
KAEIAEFF_01293	1445
KAEIAEFF_01294	91
KAEIAEFF_01301	1363
KAEIAEFF_01303	5359
KAEIAEFF_01304	533
KAEIAEFF_01305	1908
KAEIAEFF_01307	3977
KAEIAEFF_01308	3190
KAEIAEFF_01313	1182
KAEIAEFF_01314	20236
KAEIAEFF_01316	3679
KAEIAEFF_01318	914
KAEIAEFF_01321	197
KAEIAEFF_01333	2421
KAEIAEFF_01339	2755
KAEIAEFF_01340	66
KAEIAEFF_01341	1041
KAEIAEFF_01342	60
KAEIAEFF_01343	163
KAEIAEFF_01345	5742
KAEIAEFF_01346	4962
KAEIAEFF_01347	177
KAEIAEFF_01350	262
KAEIAEFF_01356	5710
KAEIAEFF_01358	841
KAEIAEFF_01360	864
KAEIAEFF_01361	81
KAEIAEFF_01362	638
KAEIAEFF_01363	1040
KAEIAEFF_01365	135
KAEIAEFF_01367	6720
KAEIAEFF_01369	16
KAEIAEFF_01376	466
KAEIAEFF_01377	672
KAEIAEFF_01379	1948
KAEIAEFF_01382	4308
KAEIAEFF_01386	23
KAEIAEFF_01393	596
KAEIAEFF_01404	42
KAEIAEFF_01416	894
KAEIAEFF_01420	2862
KAEIAEFF_01423	9803
KAEIAEFF_01424	3895
KAEIAEFF_01425	6205
KAEIAEFF_01430	377
KAEIAEFF_01431	604
KAEIAEFF_01434	2604
KAEIAEFF_01436	1677
KAEIAEFF_01437	1468
KAEIAEFF_01441	3776
KAEIAEFF_01443	3538
KAEIAEFF_01444	2416
KAEIAEFF_01446	322
KAEIAEFF_01448	3636
KAEIAEFF_01449	565
KAEIAEFF_01450	176
KAEIAEFF_01451	340
KAEIAEFF_01452	93
KAEIAEFF_01453	2547
KAEIAEFF_01454	1257
KAEIAEFF_01455	262
KAEIAEFF_01456	1431
KAEIAEFF_01458	1629
KAEIAEFF_01459	796
KAEIAEFF_01460	776
KAEIAEFF_01461	942
KAEIAEFF_01462	1214
KAEIAEFF_01465	2
KAEIAEFF_01478	979
KAEIAEFF_01484	6558
KAEIAEFF_01485	1998
KAEIAEFF_01486	41
KAEIAEFF_01487	5831
KAEIAEFF_01490	8328
KAEIAEFF_01493	2144
KAEIAEFF_01496	447
KAEIAEFF_01498	3380
KAEIAEFF_01500	26
KAEIAEFF_01501	1757
KAEIAEFF_01505	1813
KAEIAEFF_01506	323
KAEIAEFF_01510	187
KAEIAEFF_01511	0
KAEIAEFF_01514	1861
KAEIAEFF_01518	2227
KAEIAEFF_01519	53
KAEIAEFF_01520	147
KAEIAEFF_01521	48
KAEIAEFF_01523	78
KAEIAEFF_01524	4662
KAEIAEFF_01526	357
KAEIAEFF_01531	3479
KAEIAEFF_01534	3489
KAEIAEFF_01535	1514
KAEIAEFF_01552	13379
KAEIAEFF_01553	7
KAEIAEFF_01554	1229
KAEIAEFF_01555	2240
KAEIAEFF_01560	3689
KAEIAEFF_01562	1436
KAEIAEFF_01563	650
KAEIAEFF_01566	0
KAEIAEFF_01568	57
KAEIAEFF_01569	284
KAEIAEFF_01571	44
KAEIAEFF_01573	8294
KAEIAEFF_01576	34
KAEIAEFF_01577	132
KAEIAEFF_01578	55
KAEIAEFF_01579	142
KAEIAEFF_01580	30
KAEIAEFF_01581	112
KAEIAEFF_01582	525
KAEIAEFF_01584	523
KAEIAEFF_01592	1793
KAEIAEFF_01594	10543
KAEIAEFF_01595	3950
KAEIAEFF_01596	8679
KAEIAEFF_01598	729
KAEIAEFF_01601	2102
KAEIAEFF_01602	1515
KAEIAEFF_01603	6825
KAEIAEFF_01604	4884
KAEIAEFF_01605	3958
KAEIAEFF_01606	11588
KAEIAEFF_01609	1655
KAEIAEFF_01610	2007
KAEIAEFF_01611	661
KAEIAEFF_01616	5664
KAEIAEFF_01618	50
KAEIAEFF_01623	398
KAEIAEFF_01624	153
KAEIAEFF_01627	1704
KAEIAEFF_01628	579
KAEIAEFF_01629	741
KAEIAEFF_01635	747
KAEIAEFF_01636	1322
KAEIAEFF_01641	846
KAEIAEFF_01642	8455
KAEIAEFF_01644	675
KAEIAEFF_01646	95
KAEIAEFF_01650	0
KAEIAEFF_01651	394
KAEIAEFF_01652	3268
KAEIAEFF_01653	1362
KAEIAEFF_01654	3094
KAEIAEFF_01655	38
KAEIAEFF_01656	258
KAEIAEFF_01657	160
KAEIAEFF_01658	397
KAEIAEFF_01659	529
KAEIAEFF_01660	3225
KAEIAEFF_01661	104
KAEIAEFF_01662	845
KAEIAEFF_01665	9
KAEIAEFF_01669	170
KAEIAEFF_01671	304
KAEIAEFF_01672	479
KAEIAEFF_01673	631
KAEIAEFF_01674	399
KAEIAEFF_01675	10
KAEIAEFF_01677	535
KAEIAEFF_01678	22
KAEIAEFF_01681	0
KAEIAEFF_01682	7
KAEIAEFF_01687	1
KAEIAEFF_01689	6
KAEIAEFF_01691	486
KAEIAEFF_01693	61
KAEIAEFF_01696	719
KAEIAEFF_01697	130
KAEIAEFF_01698	87
KAEIAEFF_01699	950
KAEIAEFF_01703	0
KAEIAEFF_01706	5
KAEIAEFF_01709	756
KAEIAEFF_01710	422
KAEIAEFF_01711	1195
KAEIAEFF_01712	1
KAEIAEFF_01713	2
KAEIAEFF_01716	3073
KAEIAEFF_01717	1898
KAEIAEFF_01718	1398
KAEIAEFF_01720	2398
KAEIAEFF_01721	1058
KAEIAEFF_01724	976
KAEIAEFF_01726	0
KAEIAEFF_01727	5918
KAEIAEFF_01731	4478
KAEIAEFF_01738	3298
KAEIAEFF_01739	4413
KAEIAEFF_01743	1464
KAEIAEFF_01745	3102
KAEIAEFF_01748	1111
KAEIAEFF_01749	1733
KAEIAEFF_01750	41
KAEIAEFF_01751	160
KAEIAEFF_01752	101
KAEIAEFF_01756	90
KAEIAEFF_01771	249
KAEIAEFF_01783	42
KAEIAEFF_01784	82
KAEIAEFF_01785	1344
KAEIAEFF_01789	1881
KAEIAEFF_01790	2252
KAEIAEFF_01792	1506
KAEIAEFF_01798	3009
KAEIAEFF_01799	40
KAEIAEFF_01800	48
KAEIAEFF_01801	36
KAEIAEFF_01802	222
KAEIAEFF_01803	0
KAEIAEFF_01804	322
KAEIAEFF_01805	82
KAEIAEFF_01806	50
KAEIAEFF_01808	10207
KAEIAEFF_01810	18682
KAEIAEFF_01811	17493
KAEIAEFF_01822	221
KAEIAEFF_01824	1241
KAEIAEFF_01828	128
KAEIAEFF_01839	6256
KAEIAEFF_01867	2410
KAEIAEFF_01868	1019
KAEIAEFF_01869	346
KAEIAEFF_01872	3961
KAEIAEFF_01881	351
KAEIAEFF_01883	9
KAEIAEFF_01885	16
KAEIAEFF_01887	0
KAEIAEFF_01888	7
KAEIAEFF_01890	44
KAEIAEFF_01891	17
KAEIAEFF_01892	31
KAEIAEFF_01893	53
KAEIAEFF_01894	0
KAEIAEFF_01895	0
KAEIAEFF_01896	2
KAEIAEFF_01898	193
KAEIAEFF_01900	384
KAEIAEFF_01901	272
KAEIAEFF_01902	207
KAEIAEFF_01903	46
KAEIAEFF_01904	294
KAEIAEFF_01905	99
KAEIAEFF_01906	1398
KAEIAEFF_01907	566
KAEIAEFF_01908	597
KAEIAEFF_01909	600
KAEIAEFF_01910	230
KAEIAEFF_01911	200
KAEIAEFF_01912	124
KAEIAEFF_01913	169
KAEIAEFF_01914	1753
KAEIAEFF_01915	854
KAEIAEFF_01916	1258
KAEIAEFF_01917	136
KAEIAEFF_01918	1028
KAEIAEFF_01919	0
KAEIAEFF_01920	0
KAEIAEFF_01921	324
KAEIAEFF_01922	380
KAEIAEFF_01923	841
KAEIAEFF_01924	182
KAEIAEFF_01925	140
KAEIAEFF_01926	182
KAEIAEFF_01927	1022
KAEIAEFF_01928	1145
KAEIAEFF_01929	829
KAEIAEFF_01930	2408
KAEIAEFF_01931	159
KAEIAEFF_01932	43
KAEIAEFF_01933	667
KAEIAEFF_01934	872
KAEIAEFF_01935	546
KAEIAEFF_01938	2356
KAEIAEFF_01939	4084
KAEIAEFF_01942	10424
KAEIAEFF_01943	27
KAEIAEFF_01944	0
KAEIAEFF_01945	376
KAEIAEFF_01946	243
KAEIAEFF_01947	8
KAEIAEFF_01948	1353
KAEIAEFF_01950	2698
KAEIAEFF_01951	40
KAEIAEFF_01952	1598
KAEIAEFF_01953	34
KAEIAEFF_01954	25
KAEIAEFF_01955	0
KAEIAEFF_01956	54
KAEIAEFF_01957	4
KAEIAEFF_01965	163
KAEIAEFF_01966	178
KAEIAEFF_01969	833
KAEIAEFF_01970	3169
KAEIAEFF_01972	218
KAEIAEFF_01973	0
KAEIAEFF_01975	0
KAEIAEFF_01976	23
KAEIAEFF_01977	313
KAEIAEFF_01981	39
KAEIAEFF_01982	12
KAEIAEFF_01984	0
KAEIAEFF_01985	607
KAEIAEFF_01989	143
KAEIAEFF_01990	1688
KAEIAEFF_01991	2
KAEIAEFF_01992	1
KAEIAEFF_01993	48
KAEIAEFF_01994	13
KAEIAEFF_01995	26
KAEIAEFF_01996	13
KAEIAEFF_01997	95
KAEIAEFF_01998	113
KAEIAEFF_02000	146
KAEIAEFF_02001	46
KAEIAEFF_02002	4
KAEIAEFF_02003	12
KAEIAEFF_02004	1222
KAEIAEFF_02005	2
KAEIAEFF_02006	0
KAEIAEFF_02007	76
KAEIAEFF_02019	2190
KAEIAEFF_02020	1213
KAEIAEFF_02021	1580
KAEIAEFF_02022	25
KAEIAEFF_02023	50
KAEIAEFF_02024	261
KAEIAEFF_02025	137
KAEIAEFF_02026	4
KAEIAEFF_02028	54
KAEIAEFF_02029	1
KAEIAEFF_02030	68
KAEIAEFF_02031	30
KAEIAEFF_02032	663
KAEIAEFF_02033	1909
KAEIAEFF_02034	16
KAEIAEFF_02036	1
KAEIAEFF_02037	4
KAEIAEFF_02038	1
KAEIAEFF_02040	68
KAEIAEFF_02043	0
KAEIAEFF_02044	1
KAEIAEFF_02045	0
KAEIAEFF_02046	10
KAEIAEFF_02047	467
KAEIAEFF_02051	869
KAEIAEFF_02052	8903
KAEIAEFF_02058	1730
KAEIAEFF_02059	2859
KAEIAEFF_02063	16
KAEIAEFF_02064	0
KAEIAEFF_02066	950
KAEIAEFF_02067	293
KAEIAEFF_02068	91
KAEIAEFF_02069	27
KAEIAEFF_02070	34
KAEIAEFF_02072	2
KAEIAEFF_02073	181
KAEIAEFF_02074	585
KAEIAEFF_02075	1
KAEIAEFF_02076	4
KAEIAEFF_02077	0
KAEIAEFF_02078	90
KAEIAEFF_02080	4121
KAEIAEFF_02081	43
KAEIAEFF_02082	51
KAEIAEFF_02083	29
KAEIAEFF_02084	4
KAEIAEFF_02085	11
KAEIAEFF_02086	69
KAEIAEFF_02087	17
KAEIAEFF_02092	60
KAEIAEFF_02093	0
KAEIAEFF_02097	611
KAEIAEFF_02100	13719
KAEIAEFF_02101	2937
KAEIAEFF_02104	154
KAEIAEFF_02105	110
KAEIAEFF_02106	3909
KAEIAEFF_02107	54
KAEIAEFF_02109	2552
KAEIAEFF_02111	9969
KAEIAEFF_02113	1393
KAEIAEFF_02123	2
KAEIAEFF_02124	1675
KAEIAEFF_02125	2308
KAEIAEFF_02140	2687
KAEIAEFF_02148	4960
KAEIAEFF_02150	90849
KAEIAEFF_02164	3211
KAEIAEFF_02166	937
KAEIAEFF_02167	1
KAEIAEFF_02172	11700
KAEIAEFF_02173	1714
KAEIAEFF_02178	1
KAEIAEFF_02179	292
KAEIAEFF_02180	3288
KAEIAEFF_02182	221
KAEIAEFF_02183	472
KAEIAEFF_02196	146
KAEIAEFF_02199	310
KAEIAEFF_02202	2478
KAEIAEFF_02205	1040
KAEIAEFF_02208	786
KAEIAEFF_02209	1770
KAEIAEFF_02211	2794
KAEIAEFF_02224	1869
KAEIAEFF_02227	5374
KAEIAEFF_02229	3
KAEIAEFF_02230	25
KAEIAEFF_02231	1
KAEIAEFF_02245	3452
KAEIAEFF_02260	16746
KAEIAEFF_02261	3162
KAEIAEFF_02264	6693
KAEIAEFF_02269	1533
KAEIAEFF_02275	920
KAEIAEFF_02277	851
KAEIAEFF_02278	447
KAEIAEFF_02279	11
KAEIAEFF_02280	10
KAEIAEFF_02281	3
KAEIAEFF_02283	439
KAEIAEFF_02286	635
KAEIAEFF_02287	415
KAEIAEFF_02288	5654
KAEIAEFF_02289	12
KAEIAEFF_02290	7
KAEIAEFF_02291	76
KAEIAEFF_02292	8
KAEIAEFF_02293	3
KAEIAEFF_02294	13
KAEIAEFF_02295	3
KAEIAEFF_02296	85
KAEIAEFF_02297	121
KAEIAEFF_02298	340
KAEIAEFF_02299	115
KAEIAEFF_02300	31
KAEIAEFF_02301	8
KAEIAEFF_02302	14
KAEIAEFF_02303	3
KAEIAEFF_02304	34
KAEIAEFF_02305	20
KAEIAEFF_02306	1732
KAEIAEFF_02308	14417
KAEIAEFF_02310	5399
KAEIAEFF_02313	1178
KAEIAEFF_02314	400
KAEIAEFF_02315	363
KAEIAEFF_02318	278
KAEIAEFF_02319	142
KAEIAEFF_02324	191
KAEIAEFF_02331	0
KAEIAEFF_02335	2775
KAEIAEFF_02337	1235
KAEIAEFF_02338	1184
KAEIAEFF_02339	6492
KAEIAEFF_02340	3661
KAEIAEFF_02341	5066
KAEIAEFF_02344	681
KAEIAEFF_02345	2051
KAEIAEFF_02352	1922
KAEIAEFF_02354	1608
KAEIAEFF_02356	2190
KAEIAEFF_02357	747
KAEIAEFF_02359	247
KAEIAEFF_02363	248
KAEIAEFF_02364	2
KAEIAEFF_02365	0
KAEIAEFF_02370	4159
KAEIAEFF_02373	13898
KAEIAEFF_02375	971
KAEIAEFF_02376	2305
KAEIAEFF_02378	5402
KAEIAEFF_02380	67
KAEIAEFF_02383	1913
KAEIAEFF_02385	218
KAEIAEFF_02386	31
KAEIAEFF_02387	11317
KAEIAEFF_02388	9921
KAEIAEFF_02390	2559
KAEIAEFF_02391	2621
KAEIAEFF_02394	45
KAEIAEFF_02396	4929
KAEIAEFF_02398	19942
KAEIAEFF_02399	197
KAEIAEFF_02400	1358
KAEIAEFF_02402	0
KAEIAEFF_02408	7
KAEIAEFF_02411	25
KAEIAEFF_02412	4299
KAEIAEFF_02413	3811
KAEIAEFF_02422	908
KAEIAEFF_02424	765
KAEIAEFF_02425	4677
KAEIAEFF_02426	768
KAEIAEFF_02431	65
KAEIAEFF_02433	515
KAEIAEFF_02444	310
KAEIAEFF_02445	987
KAEIAEFF_02447	783
KAEIAEFF_02451	1106
KAEIAEFF_02456	140
KAEIAEFF_02457	168
KAEIAEFF_02460	5231
KAEIAEFF_02461	4162
KAEIAEFF_02462	797
KAEIAEFF_02470	125
KAEIAEFF_02478	2968
KAEIAEFF_02479	135
KAEIAEFF_02480	2033
KAEIAEFF_02481	1006
KAEIAEFF_02485	1962
KAEIAEFF_02487	206
KAEIAEFF_02488	2357
KAEIAEFF_02490	422
KAEIAEFF_02496	290
KAEIAEFF_02498	24
KAEIAEFF_02503	533
KAEIAEFF_02506	781
KAEIAEFF_02509	40
KAEIAEFF_02510	2
KAEIAEFF_02511	87
KAEIAEFF_02512	36
KAEIAEFF_02513	2
KAEIAEFF_02514	4
KAEIAEFF_02515	0
KAEIAEFF_02516	0
KAEIAEFF_02517	0
KAEIAEFF_02518	0
KAEIAEFF_02521	0
KAEIAEFF_02522	0
KAEIAEFF_02523	0
KAEIAEFF_02524	193
KAEIAEFF_02525	386
KAEIAEFF_02526	105
KAEIAEFF_02527	13
KAEIAEFF_02528	0
KAEIAEFF_02530	2
KAEIAEFF_02531	19
KAEIAEFF_02532	9
KAEIAEFF_02533	1
KAEIAEFF_02534	0
KAEIAEFF_02535	6
KAEIAEFF_02536	25
KAEIAEFF_02537	84
KAEIAEFF_02539	63
KAEIAEFF_02540	225
KAEIAEFF_02541	18
KAEIAEFF_02542	61
KAEIAEFF_02543	31
KAEIAEFF_02544	8
KAEIAEFF_02546	0
KAEIAEFF_02547	0
KAEIAEFF_02548	0
KAEIAEFF_02549	0
KAEIAEFF_02550	0
KAEIAEFF_02551	0
KAEIAEFF_02552	54
KAEIAEFF_02553	77
KAEIAEFF_02554	74
KAEIAEFF_02555	93
KAEIAEFF_02556	18
KAEIAEFF_02557	12
KAEIAEFF_02558	61
KAEIAEFF_02559	146
KAEIAEFF_02560	5
KAEIAEFF_02561	116
KAEIAEFF_02562	170
KAEIAEFF_02563	246
KAEIAEFF_02564	19
KAEIAEFF_02565	91
KAEIAEFF_02566	44
KAEIAEFF_02567	264
KAEIAEFF_02568	2690
KAEIAEFF_02569	1074
KAEIAEFF_02570	704
KAEIAEFF_02571	2231
KAEIAEFF_02572	1615
KAEIAEFF_02573	113
KAEIAEFF_02576	596
KAEIAEFF_02577	561
KAEIAEFF_02578	4
KAEIAEFF_02579	2
KAEIAEFF_02580	7
KAEIAEFF_02588	489
KAEIAEFF_02593	30532
KAEIAEFF_02595	9587
KAEIAEFF_02606	183
KAEIAEFF_02607	812
KAEIAEFF_02608	120
KAEIAEFF_02612	3974
KAEIAEFF_02617	21573
KAEIAEFF_02619	1483
KAEIAEFF_02620	827
KAEIAEFF_02627	55802
KAEIAEFF_02629	641
KAEIAEFF_02631	410
KAEIAEFF_02633	5315
KAEIAEFF_02634	456
KAEIAEFF_02635	3576
KAEIAEFF_02638	4535
KAEIAEFF_02640	6938
KAEIAEFF_02644	485
KAEIAEFF_02652	11697
KAEIAEFF_02654	3662
KAEIAEFF_02657	3602
KAEIAEFF_02659	6193
KAEIAEFF_02660	4795
KAEIAEFF_02661	6011
KAEIAEFF_02663	131
KAEIAEFF_02665	870
KAEIAEFF_02675	611
KAEIAEFF_02678	4
KAEIAEFF_02681	137
KAEIAEFF_02682	364
KAEIAEFF_02683	162
KAEIAEFF_02684	1129
KAEIAEFF_02686	453
KAEIAEFF_02687	618
KAEIAEFF_02690	142
KAEIAEFF_02691	338
KAEIAEFF_02703	3788
KAEIAEFF_02704	1787
KAEIAEFF_02705	835
KAEIAEFF_02707	302
KAEIAEFF_02708	63
KAEIAEFF_02718	1125
KAEIAEFF_02719	10441
KAEIAEFF_02720	4213
KAEIAEFF_02721	2450
KAEIAEFF_02722	1086
KAEIAEFF_02724	3079
KAEIAEFF_02726	9417
KAEIAEFF_02727	8787
KAEIAEFF_02730	2256
KAEIAEFF_02732	2756
KAEIAEFF_02733	1161
KAEIAEFF_02735	155
KAEIAEFF_02740	1301
KAEIAEFF_02742	913
KAEIAEFF_02748	0
KAEIAEFF_02749	0
KAEIAEFF_02751	0
KAEIAEFF_02752	0
KAEIAEFF_02753	0
KAEIAEFF_02759	56
KAEIAEFF_02760	182
KAEIAEFF_02761	9259
KAEIAEFF_02762	84
KAEIAEFF_02763	584
KAEIAEFF_02764	208
KAEIAEFF_02766	41
KAEIAEFF_02767	48
KAEIAEFF_02768	605
KAEIAEFF_02769	753
KAEIAEFF_02770	51982
KAEIAEFF_02771	11863
KAEIAEFF_02774	601
KAEIAEFF_02776	4023
KAEIAEFF_02777	64
KAEIAEFF_02778	547
KAEIAEFF_02780	104
KAEIAEFF_02781	965
KAEIAEFF_02782	2110
KAEIAEFF_02783	585
KAEIAEFF_02784	134
KAEIAEFF_02785	953
KAEIAEFF_02787	1
KAEIAEFF_02788	22
KAEIAEFF_02789	1800
KAEIAEFF_02791	96
KAEIAEFF_02792	1
KAEIAEFF_02793	0
KAEIAEFF_02799	0
KAEIAEFF_02800	0
KAEIAEFF_02801	0
KAEIAEFF_02802	0
KAEIAEFF_02803	0
KAEIAEFF_02804	133
KAEIAEFF_02805	279
KAEIAEFF_02807	341
KAEIAEFF_02808	490
KAEIAEFF_02809	102
KAEIAEFF_02810	13
KAEIAEFF_02811	3979
KAEIAEFF_02812	751
KAEIAEFF_02814	774
KAEIAEFF_02815	73
KAEIAEFF_02816	288
KAEIAEFF_02817	149
KAEIAEFF_02819	127
KAEIAEFF_02820	25
KAEIAEFF_02821	76
KAEIAEFF_02822	72
KAEIAEFF_02823	125
KAEIAEFF_02824	104
KAEIAEFF_02825	5551
KAEIAEFF_02826	898
KAEIAEFF_02828	346
KAEIAEFF_02829	66
KAEIAEFF_02830	744
KAEIAEFF_02835	207
KAEIAEFF_02836	11
KAEIAEFF_02837	19
KAEIAEFF_02838	124
KAEIAEFF_02839	35
KAEIAEFF_02840	11
KAEIAEFF_02841	13
KAEIAEFF_02842	420
KAEIAEFF_02844	1151
KAEIAEFF_02845	549
KAEIAEFF_02846	8
KAEIAEFF_02848	146
KAEIAEFF_02849	123
KAEIAEFF_02850	11
KAEIAEFF_02851	1592
KAEIAEFF_02853	11
KAEIAEFF_02854	15
KAEIAEFF_02855	327
KAEIAEFF_02858	1401
KAEIAEFF_02860	1720
KAEIAEFF_02861	147
KAEIAEFF_02862	86
KAEIAEFF_02863	660
KAEIAEFF_02864	4
KAEIAEFF_02865	2367
KAEIAEFF_02866	47
KAEIAEFF_02867	189
KAEIAEFF_02870	54
KAEIAEFF_02871	51
KAEIAEFF_02872	4
KAEIAEFF_02873	9
KAEIAEFF_02874	34
KAEIAEFF_02875	9
KAEIAEFF_02876	751
KAEIAEFF_02877	66
KAEIAEFF_02879	63
KAEIAEFF_02880	80
KAEIAEFF_02881	149
KAEIAEFF_02882	64
KAEIAEFF_02883	18
KAEIAEFF_02884	20
KAEIAEFF_02885	28
KAEIAEFF_02886	85
KAEIAEFF_02887	76
KAEIAEFF_02888	112
KAEIAEFF_02889	51
KAEIAEFF_02890	15
KAEIAEFF_02891	135
KAEIAEFF_02892	1280
KAEIAEFF_02894	0
KAEIAEFF_02895	0
KAEIAEFF_02896	0
KAEIAEFF_02897	3042
KAEIAEFF_02898	2269
KAEIAEFF_02899	1254
KAEIAEFF_02900	2330
KAEIAEFF_02901	393
KAEIAEFF_02903	1895
KAEIAEFF_02904	347
KAEIAEFF_02906	0
KAEIAEFF_02907	0
KAEIAEFF_02908	0
KAEIAEFF_02909	6
KAEIAEFF_02910	1460
KAEIAEFF_02911	307
KAEIAEFF_02913	2894
KAEIAEFF_02914	0
KAEIAEFF_02915	690
KAEIAEFF_02916	261
KAEIAEFF_02917	143
KAEIAEFF_02918	757
KAEIAEFF_02919	0
KAEIAEFF_02920	11
KAEIAEFF_02930	26
KAEIAEFF_02931	118
KAEIAEFF_02936	13
KAEIAEFF_02939	50
KAEIAEFF_02943	34
KAEIAEFF_02945	941
KAEIAEFF_02946	610
KAEIAEFF_02947	532
KAEIAEFF_02948	340
KAEIAEFF_02949	3
KAEIAEFF_02950	30
KAEIAEFF_02951	7
KAEIAEFF_02952	202
KAEIAEFF_02954	1150
KAEIAEFF_02956	95
KAEIAEFF_02957	113
KAEIAEFF_02958	12
KAEIAEFF_02959	48
KAEIAEFF_02960	1507
KAEIAEFF_02961	30
KAEIAEFF_02963	0
KAEIAEFF_02964	221
KAEIAEFF_02965	293
KAEIAEFF_02966	1067
KAEIAEFF_02967	380
KAEIAEFF_02968	1252
KAEIAEFF_02969	146
KAEIAEFF_02970	1217
KAEIAEFF_02972	24
KAEIAEFF_02973	193
KAEIAEFF_02975	590
KAEIAEFF_02976	5058
KAEIAEFF_02977	175
KAEIAEFF_02978	81
KAEIAEFF_02979	85
KAEIAEFF_02980	76
KAEIAEFF_02981	1
KAEIAEFF_02982	13
KAEIAEFF_02984	230
KAEIAEFF_02985	474
KAEIAEFF_02987	279
KAEIAEFF_02989	86
KAEIAEFF_02990	102
KAEIAEFF_02992	52
KAEIAEFF_02993	270
KAEIAEFF_02998	51
KAEIAEFF_02999	180
KAEIAEFF_03002	93
KAEIAEFF_03004	386
KAEIAEFF_03007	8
KAEIAEFF_03008	12086
KAEIAEFF_03009	140
KAEIAEFF_03010	1
KAEIAEFF_03011	8
KAEIAEFF_03012	338
KAEIAEFF_03013	386
KAEIAEFF_03014	12
KAEIAEFF_03015	0
KAEIAEFF_03016	2
KAEIAEFF_03017	28
KAEIAEFF_03023	2
KAEIAEFF_03024	14
KAEIAEFF_03025	0
KAEIAEFF_03026	47
KAEIAEFF_03030	407
KAEIAEFF_03032	5
KAEIAEFF_03034	2226
KAEIAEFF_03035	0
KAEIAEFF_03037	0
KAEIAEFF_03042	2
KAEIAEFF_03043	5
KAEIAEFF_03044	101
KAEIAEFF_03045	252
KAEIAEFF_03046	415
KAEIAEFF_03050	271
KAEIAEFF_03052	23
KAEIAEFF_03053	113
KAEIAEFF_03054	511
KAEIAEFF_03056	5
KAEIAEFF_03057	12
KAEIAEFF_03058	6904
KAEIAEFF_03061	645
KAEIAEFF_03062	172
KAEIAEFF_03066	5
KAEIAEFF_03067	0
KAEIAEFF_03068	48
KAEIAEFF_03069	37
KAEIAEFF_03070	21
KAEIAEFF_03071	1
KAEIAEFF_03072	14
KAEIAEFF_03073	7
KAEIAEFF_03074	1
KAEIAEFF_03075	3
KAEIAEFF_03076	8
KAEIAEFF_03077	38
KAEIAEFF_03080	1535
KAEIAEFF_03081	783
KAEIAEFF_03082	44
KAEIAEFF_03084	191
KAEIAEFF_03085	529
KAEIAEFF_03086	6
KAEIAEFF_03087	69
KAEIAEFF_03088	76
KAEIAEFF_03089	476
KAEIAEFF_03090	111
KAEIAEFF_03091	61
KAEIAEFF_03092	64
KAEIAEFF_03093	252
KAEIAEFF_03094	41
KAEIAEFF_03095	290
KAEIAEFF_03096	213
KAEIAEFF_03097	217
KAEIAEFF_03098	391
KAEIAEFF_03099	0
KAEIAEFF_03100	0
KAEIAEFF_03101	0
KAEIAEFF_03102	41
KAEIAEFF_03103	155
KAEIAEFF_03105	442
KAEIAEFF_03106	534
KAEIAEFF_03107	67
KAEIAEFF_03108	3
KAEIAEFF_03109	240
KAEIAEFF_03110	954
KAEIAEFF_03111	108
KAEIAEFF_03112	358
KAEIAEFF_03113	312
KAEIAEFF_03114	883
KAEIAEFF_03115	95
KAEIAEFF_03116	642
KAEIAEFF_03117	391
KAEIAEFF_03118	246
KAEIAEFF_03119	68
KAEIAEFF_03120	195
KAEIAEFF_03121	28
KAEIAEFF_03122	331
KAEIAEFF_03123	0
KAEIAEFF_03124	0
KAEIAEFF_03125	0
KAEIAEFF_03126	0
KAEIAEFF_03127	0
KAEIAEFF_03128	0
KAEIAEFF_03129	1
KAEIAEFF_03130	62
KAEIAEFF_03131	11
KAEIAEFF_03132	0
KAEIAEFF_03133	20
abfA_1	356
abfA_2	86
abgB_1	0
abgB_2	0
accA	59005
accB	50369
accD	60165
ackA	17712
acpA_1	62032
acpA_2	949
acpP	17545
acpS	976
act	4036
acuI	1724
acuR	2332
acyP	628
adaA	94
addA	18584
addB	16432
adeC	1308
adh	29
adhE	6708
adhR	289
adk	105324
aes_1	73
aes_2	2629
afr_1	2836
afr_2	5328
agaC	108
agaS	2893
agaSK_1	334
agaSK_2	392
agaSK_3	872
agrA_1	1513
agrA_2	25
agrB	6308
ahpC	13706
ahpF	43953
alaA	8986
alaS	49681
albF	5626
aldC	4721
algC	3304
alr	5978
alsS	6995
ampH	1187
amt	66
anr	406
ansA	2752
apbE	3222
apc1	187
appA	25593
apt	14686
araA	82
araB	61
araC_1	573
araC_2	450
araC_3	32
araC_4	234
araD	32
araN_1	404
araN_2	7
araQ_1	114
araQ_2	30
araQ_3	64
araQ_4	44
araQ_5	27
araQ_6	31
araQ_7	32
araR_1	1156
araR_2	1839
arcA	15865
arcB	8050
arcC1	1988
arcD1_1	203
arcD1_2	9389
argR_1	2321
argR_2	3272
argR_3	3574
argS	29538
arlR_1	1162
arlR_2	9400
arlS	19310
aroA	7638
aroB	4411
aroC	7180
aroD	1533
aroE	1605
aroF	4211
aroK	1814
arsC	329
artM_1	12
artM_2	9522
artM_3	39933
asd	1830
asnB	34779
asnS	18407
aspS	39243
atpA	42155
atpB	13190
atpC	14885
atpD	35869
atpE_1	4347
atpE_2	4914
atpF	11146
atpG	30205
atpH	7025
axe2	903
azoR	9333
bacC	4095
banIM	16
bbmA	25
bca	5174
bceA_1	6141
bceA_2	1113
bceB_1	13955
bceB_2	5886
bcr	1032
bcrC	2591
benM	698
bepA	11218
betI	610
bfrA	314
bglC	3512
bglF_1	286
bglF_2	58
bglF_3	209
bglF_4	4046
bglF_5	286
bglH_1	652
bglH_2	590
bglH_3	4766
bglK	348
bin3_1	1153
bin3_2	2676
bin3_3	201
bin3_4	330
bin3_5	86
bin3_6	195
bioY2	1128
birA	4269
bmr3	157
brnQ_1	5101
brnQ_2	260
bsaA	316
bsdC	306
cadA	2054
cah	4944
carA	2206
carB	6706
cas2_1	20
cas2_2	29
catE	5741
catM	774
cbh_1	158
cbh_2	91
cbh_3	6324
cca	6639
ccpA_1	5604
ccpA_2	28793
ccpB	428
cdaA	5840
cdaR_1	16623
cdaR_2	17
cdd	7333
cdr_1	670
cdr_2	912
cdsA	2174
celA_1	13
celA_2	859
celA_3	168
cfa	15589
cfiB_1	124386
cfiB_2	44941
cggR	15052
chbC	111
chbR	5
chrR	1193
chvE	3
cinA	6455
citS	46
clcA	3562
clpB	6882
clpC	21167
clpE	24360
clpP_1	8884
clpP_2	2
clpX	50898
clpY	20806
clsA_1	10857
clsA_2	2511
cmk	8018
cmpD	2042
cmtB_1	54
cmtB_2	3
cna	14477
coaA	9508
coaBC_1	2622
coaBC_2	1467
coaD	1827
coaE	1137
cobB	2108
cobQ	4533
codY	12832
coiA	1234
comC	46
comEA	126
comEC	782
comFA	173
comGA	62
comGC	12
copA	3816
copB	4485
copY	871
copZ	336
corA_1	1872
corA_2	73
corC_1	1987
corC_2	20057
cpdA_1	542
cpdA_2	3326
crr_1	26
crr_2	248
crr_3	253
crtK-2	1675
csbC	40
cshA	58214
cshB	25085
csp	3450
cspD	20764
cspL	31525
cspLA_1	24189
cspLA_2	74338
ctc	4474
ctpE_1	16682
ctpE_2	1607
ctsR	1642
cvfB	5779
cwlC	62
cycA	2331
cypC	2488
cysE	4551
cysK	9197
cysL	2462
cysM	17524
cysS	13685
czcD	558
czrA	935
dacA	15217
dagK_1	4864
dagK_2	32067
dapA	1287
dapB	986
dapE	2693
dapF	1377
dapH	1184
dauA	10455
dcuR	78
dcuS_1	89
dcuS_2	114
ddc	22034
ddl_1	14775
ddl_2	2347
def_1	3107
def_2	4279
degA_1	3980
degA_2	1983
degA_3	5234
degA_4	5763
deoB	19948
deoC	17560
deoD	12970
der_1	43314
der_2	24034
desK	813
desR	403
dgaE	323
dgaF	257
dgaR_1	9806
dgaR_2	17
dgaR_3	249
dgaR_4	4666
dgaR_5	16332
dgaR_6	18374
dgaR_7	650
dgkA	2266
dgs	6404
dhaK	1400
dhaL	456
dhaM	1837
dhaS	4203
dinB_1	3176
dinB_2	2192
dinB_3	1664
dinB_4	938
dinF	5982
dinG_1	4583
dinG_2	6785
divIB	16644
divIVA	37340
dltA	6250
dltC	3227
dnaA	21343
dnaB	8386
dnaC	8510
dnaD	3492
dnaE	8958
dnaG	16944
dnaI	9501
dnaJ	13327
dnaK	80644
dnaN	11179
dnaX_1	7626
dnaX_2	17097
doc	125
dppC	247
dppE	1899
dprA	710
dps	45410
drrA	5700
dtd	6250
dtd3_1	653
dtd3_2	2989
dtpT_1	12013
dtpT_2	4692
dtxR	3615
dus_1	6881
dus_2	6374
dut	4182
dxs	11050
ebgA	263
ecdB	120
ecfA1	5407
ecfA2_1	7012
ecfA2_2	171
ecfT	3040
ecsA_1	1537
ecsA_2	3842
efp	23561
emrB	3714
endA	6704
engB	9498
eno	220795
epsF	90
epsH	8053
epsJ_1	7651
epsJ_2	4547
epsJ_3	1510
epsJ_4	2518
epsL	3392
epsN	5404
era	12759
eriC	926
est	1878
ettA_1	558
ettA_2	10326
exoA	1858
exuR_1	1190
exuR_2	1399
exuR_3	4509
ezrA	65662
fabD	74065
fabF	83643
fabG_1	83568
fabG_2	3182
fabG_3	22
fabH	85327
fabI	30312
fabZ_1	35873
fabZ_2	16983
fba	450623
fbp	3898
fcbA1	2712
feoB	626
fepC	664
feuB_1	144
feuB_2	190
feuC	395
ffh	10112
fhs1	3766
fhuC	336
fieF	3626
fldH_1	86
fldH_2	2
fliY	1956
fmnP	1613
fmt	8646
fni	10263
fnr	1222
folA_1	2188
folA_2	4346
folA_3	919
folD	3671
folT_1	101
folT_2	19690
fosX	8
fpgS	5494
fra	254
frlB_1	134
frlB_2	353
frlB_3	253
frmB	3486
frr	7880
fruA_1	1181
fruA_2	35255
fruA_3	34
fruA_4	35
fruA_5	24
fsaA	35
ftsA	56911
ftsE	7220
ftsH	52271
ftsK_1	274
ftsK_2	60
ftsL_1	8585
ftsL_2	2473
ftsL_3	89
ftsW_1	13737
ftsW_2	467
ftsX	7038
ftsY	9042
ftsZ	38853
fucO	57
fur	4059
fus	287933
gabR	224
gadC_1	7063
gadC_2	91
galE	10885
galK_1	549
galK_2	4606
galM_1	548
galM_2	7277
galT	15881
ganB	76
gap_1	9107
gap_2	361939
garB	3736
garK	1093
gatA_1	3
gatA_2	10434
gatA_3	327
gatB_1	1
gatB_2	16909
gatC_1	37
gatC_2	5556
gatC_3	1579
gbpA	1479
gbuB	25564
gcvH	5271
gdh	9093
gdhIV	2049
gdpP	10471
ghrB	1067
gla	32670
glcB	897
glcK	13954
glcR_1	25170
glcR_2	139
glcU_1	23368
glcU_2	1179
gldA	191
glmM	18837
glmS	38117
glmU	29456
glnA	80780
glnH	12764
glnM_1	2269
glnM_2	61692
glnP_1	14863
glnP_2	2658
glnQ_1	9283
glnQ_2	529
glnR	20328
gloA	3689
glpE_1	2574
glpE_2	3383
glpE_3	268
glpF	6
glpK	459
glpO	82
glpQ_1	4704
glpQ_2	2044
glsA	134
gltC_1	1622
gltC_2	402
gltX	40302
gluP	1155
glvR	13
glxK	231
glxR	7097
glyA	11305
glyQ	6474
glyS	26342
gmk_1	20509
gmk_2	1912
gmuC_1	242
gmuC_2	71
gmuD_1	1496
gmuD_2	899
gmuE_1	255
gmuE_2	624
gmuE_3	28
gmuE_4	426
gmuE_5	1794
gmuF	9158
gmuR	1695
gnd	43749
gno	412
gor	15792
gph_1	28948
gph_2	2294
gph_3	2188
gpmA_1	160757
gpmA_2	2805
gpmI	106
gpsA_1	9219
gpsA_2	6251
gpsB	13691
graR	5277
graS	4774
greA	40795
groL	54252
groS	7061
grpE	15910
gshAB	13882
gsiC	3631
gspA_1	71
gspA_2	93
gtaB_1	10848
gtaB_2	6231
guaA_1	110749
guaA_2	663
guaB	30281
guaC	5253
gyrA	80359
gyrB	35584
hcf136	1400
hchA	1936
hdhA	20
helD_1	3171
helD_2	10298
hemN	1667
hepT	4113
hflX	3471
hhaIM	7
hin	14107
hisK	685
hisS	16111
hmo	353
hmpT	2853
hmuU	347
hosA	975
hpaIIM	17
hpdA	56
hpf	17060
hprK	4113
hpt	13029
hrcA	16074
hrtA_1	165
hrtA_2	858
hsdR	16651
hsdS	291
hslO	6761
hslR	2514
hslV	8519
hssR	510
hssS	1719
htrA	14657
hupA	54913
hxlB	893
hypBA2	5281
iadA	11957
iap_1	13
iap_2	93
icaR	1580
iclR	689
ileS	28180
ilvE	11477
immA	489
immR	814
infA	48188
infB	44375
infC	121870
intQ_1	1046
intQ_2	1034
irtA	197
iscS_1	6380
iscS_2	5840
iscU	3934
ispD	9681
ispE	8500
kbaY	86
kdgA	856
kdgK	746
kduI1	714
kfoC	41282
kojP	120
ktrA	11211
kup	14941
lacC_1	541
lacC_2	44874
lacD	1008
lacD2	16
lacE_1	66
lacE_2	221
lacF_1	101
lacF_2	62
lacF_3	28
lacF_4	81
lacF_5	8
lacF_6	27
lacG_1	105
lacG_2	34
lacG_3	15
lacL	130
lacM	155
lacR_1	1045
lacR_2	196
lacR_3	469
lacS	4024
lciA	642
ldh	170996
ldhB	9063
ldtA	8874
lepA	15594
leuS	46042
levD_1	151
levD_2	36
lexA	4875
lgt	3094
lhpI	310
liaS	9492
licA_1	4
licA_2	313
licC_1	239
licC_2	63
licC_3	280
licH	406
licR_1	99
licR_2	34
licT_1	2159
licT_2	99
licT_3	31
licT_4	4502
ligA_1	10876
ligA_2	605
lipC	6815
lipL	652
lipO_1	91
lipO_2	103
lolD	50
lon	6406
lplJ	8373
lrgA	703
lrp	314
lrpC	374
lspA	2701
lsrC_1	308
lsrC_2	1081
ltaS1_1	3679
ltaS1_2	19049
ltaS1_3	1901
ltrA_1	0
ltrA_2	11
ltrA_3	0
ltrA_4	2
ltrA_5	4
ltrA_6	2
ltrA_7	1
luxA	338
luxS	18601
lysA	1261
lysS	82480
lytA_1	0
lytA_2	455
lytA_3	25
lytA_4	0
lytG	5110
lytR_1	15466
lytR_2	7051
maa	3706
macB	600
maf	5208
malF	29
malG	16
malH	47
malL_1	490
malL_2	4038
malP	218
manP	1180
manR_1	328
manR_2	673
manR_3	2094
manX_1	3
manX_2	19
manX_3	3
manX_4	27093
manX_5	11024
manX_6	30
manZ_1	78
manZ_2	6
manZ_3	30
manZ_4	46
manZ_5	11499
manZ_6	260
manZ_7	238
manZ_8	85
map	17500
mapP	144
mapZ	16258
marR	44462
mazE	6045
mazF	938
mccF	557
mdxE	113
mecA	10843
melR	4363
menA	527
menH_1	2003
menH_2	97
mepM_1	29
mepM_2	1178
metB	20113
metE	3354
metG	40193
metK	16455
metN2	4713
metN_1	0
metN_2	0
metP_1	0
metP_2	4575
metP_3	0
metQ_1	0
metQ_2	6577
metQ_3	0
mfd	21192
mfpA	246
mglA	35187
mgsA	312
mgsR	3098
mgtA	4846
mgtB	0
mgtE	9884
mhqA	309
mhqD	94
miaA	2698
misCA	14351
mleS	32
mltG	22256
mngA	5
mngB	609
mngR	1119
mnmA	13006
mnmE	9234
mnmG_1	18869
mnmG_2	1904
mntB_1	1654
mntB_2	650
mntH	10401
mntR	103
moeZ	203
mprA	661
mprF_1	10642
mprF_2	5790
mraY	10431
mraZ	6957
mreC	11077
mrnC	5499
mro_1	1251
mro_2	634
mrp	5421
mscL	4604
mshD_1	1721
mshD_2	1301
msmE	30
msrA_1	259
msrA_2	4465
msrB	2803
msrC	1988
msrR_1	9456
msrR_2	395
mta	940
mtlA_1	2
mtlA_2	530
mtlA_3	111
mtlD	2
mtlF_1	0
mtlF_2	208
mtlR_1	383
mtlR_2	406
mtnB	39
mtnN	6518
murA1_1	34625
murA1_2	11025
murB	12295
murC	28668
murD	9001
murE	8445
murF_1	10991
murF_2	7087
murG	6835
murI	3226
murJ_1	5044
murJ_2	3278
murJ_3	13394
murQ	516
murR_1	688
murR_2	238
mutL	13005
mutM	3941
mutS2_1	4270
mutS2_2	26966
mutS_1	17071
mutS_2	1577
mutY	3946
mvaA	16445
mvaS	10642
nadD	25403
nadE	10561
nadR	3399
nagA	17140
nagB	1847
nagE	17
nagJ	70
nanE_1	1189
nanE_2	595
napA	1546
natA_1	219
natA_2	4011
natA_3	380
natA_4	73
ndk	1892
ndoA	1456
ndvA	545
nfo_1	78
nfo_2	7430
nhaC_1	0
nhaC_2	2
nhaC_3	605
nhaC_4	777
nhaC_5	900
nhaK	10754
niaX	871
nirC	2646
nlhH	3970
nnrD	961
nodM	100
norG	874
noxE	143
nox_1	11743
nox_2	657
npr_1	6551
npr_2	1035
nrdD	16321
nrdE1	34190
nrdF	19142
nrdG	2812
nrdH	7544
nrdR	2011
nrnA	3769
ntcA	1398
nth	3487
ntpA	21527
ntpB	22724
ntpC	10326
ntpD	12256
ntpG	2930
ntpJ_1	10416
ntpJ_2	1133
ntpK	1972
nupC	7415
nusA	31229
nusB	8298
nusG	10583
nylA	4060
oatA	30811
obg	24112
ogt	1825
ohrA	278
ohrB_1	2483
ohrB_2	1957
ohrR	2315
oppB	196
oppD_1	4659
oppD_2	568
oppF_1	6937
oppF_2	525
opuAA	10045
opuBB	3807
opuCA_1	1549
opuCA_2	2254
opuCB	293
opuCC	1053
opuCD	274
oxyR	8168
padC	362
paiA	966
panE	9965
panT_1	3407
panT_2	943
parB	8624
parC	37221
parE	26300
patA_1	3246
patA_2	6268
patB	1824
pbp	128448
pbpF	9792
pbpX_1	1778
pbpX_2	25842
pbuG	8869
pbuO	2165
pcp	5602
pcrA	11762
pdhA	19277
pdhB	12713
pdhC	27848
pdhD	21951
pdp	19791
pdxK	4820
pehX	404
pelX	266
pemA	89
pemK	3117
penA	15132
pepA	7281
pepC	4146
pepF1_1	4830
pepF1_2	18405
pepO	14462
pepQ	8113
pepS	8852
pepT	1942
pepV	32049
perR	2989
pezT	2740
pfkA	124966
pfkB	10
pflA	3756
pflB	13507
pgaC	1895
pgcA	26952
pgdA	788
pgdS	26
pgi	45149
pgk	138770
pglA	3059
pglF	4385
pglH_1	13445
pglH_2	2547
pgl_1	50
pgl_2	2016
pgmB	50
pgpH	16955
pgsA	8575
pgsA1	1120
phaJ	4774
pheA	7112
pheS	13247
pheT_1	18155
pheT_2	30641
phnW	49
phnX_1	1
phnX_2	46
phoP	1962
phoR_1	1796
phoR_2	2774
phoR_3	2989
phoR_4	4949
phoU	6515
pimA	1543
pinR	423
pisA	75
plsC	3305
plsX	22601
plsY	4758
pncB2	12049
pnp	44239
pnuC	5058
polA	11337
polC_1	23318
polC_2	1284
ponA_1	23420
ponA_2	18784
por_1	407
por_2	12974
potA_1	2525
potA_2	231
potB	1338
potD	4572
pox5	2664
ppaC	16341
pphA	1970
ppm1	7491
ppnKA	2935
prfA	13736
prfB	6234
prfC	17238
priA	9736
prkC	39773
prmA	2579
prmC_1	17360
prmC_2	3128
proA	9732
proB	3608
proC	3882
proS	27005
proX_1	145
proX_2	218
prs	18549
prs2	13854
prsA_1	31595
prsA_2	16434
prsA_3	3227
pspB_1	3936
pspB_2	1590
pspB_3	2406
pstA	1955
pstB3_1	4293
pstB3_2	4583
pstC1	2960
pstS1_1	478
pstS1_2	2185
pta	14798
pth	1523
ptsG_1	952
ptsG_2	3402
ptsG_3	17
ptsH	50138
ptsI	208407
pucK	13679
punA	17742
purA	23323
purB	9298
purC	122
purD	419
purE	239
purF	206
purH	369
purK	3632
purL	366
purM	233
purN	87
purQ	80
purR_1	2866
purR_2	8303
purS	30
puuD	1325
puuR	1212
pyk	137023
pyrB	1402
pyrC	1617
pyrDA	13201
pyrDB	1122
pyrE	2076
pyrF	2039
pyrG	15193
pyrH	15193
pyrK_1	996
pyrK_2	596
pyrP	1698
pyrR	1061
qorB	264
qseB	3118
queA	26582
queG	8129
queT_1	1891
queT_2	2474
radA	11684
rapA	20873
rasP	9897
rbbA	632
rbfA	17514
rbgA	4823
rbn_1	4915
rbn_2	137
rbsD	134
rbsK/rbiA	2835
rbsR	1231
rclA	418
recA	29666
recD2	8846
recF	14059
recG	14654
recJ	36982
recN	18269
recO	1855
recQ_1	831
recQ_2	6687
recR	10016
recU	1938
recX	1341
relA	64101
repD	814
repN	382
resA	944
rex_1	7132
rex_2	248
rfbA	17575
rfbC	8948
rhaA	73
rhaB	169
rhaD	44
rhaM	35
rhgT	121
rho	5669
ribF	3229
ribX	531
ribZ_1	571
ribZ_2	1326
ricR	343
rifL	34
rihB	17144
rimI_1	4472
rimI_2	1656
rimM	2616
rimP	12699
rlmA	1209
rlmCD_1	7241
rlmCD_2	11433
rlmH	897
rlmI	3171
rlmL	16815
rlmN	7592
rluB_1	5904
rluB_2	8407
rluD_1	2456
rluD_2	9831
rluD_3	9193
rmd	10117
rmlB	40195
rmlD	16373
rnc	6358
rnhA	231
rnhB	3757
rnhC	1310
rnj1	26593
rnj2	25375
rnmV	2526
rnpA	3674
rnr	14662
rny_1	41213
rny_2	5405
rnz	4422
rodA	17857
rpe_1	2595
rpe_2	1961
rph	8724
rpiA	6450
rpiR	1116
rplA	104018
rplB	125228
rplC	119327
rplD	76102
rplE	82749
rplF	98108
rplGA	10067
rplI	6103
rplJ	432118
rplK	124915
rplL	208228
rplM	123116
rplN	77554
rplO	106436
rplP	87429
rplQ	218622
rplR	98644
rplS	39067
rplT	48881
rplU	147348
rplV	66132
rplW	46659
rplX	149388
rpmA	135301
rpmB	15029
rpmC	46661
rpmD	35750
rpmE2	62477
rpmF_1	68
rpmF_2	8347
rpmG2	1253
rpmGA_1	88
rpmGA_2	4143
rpmH	2644
rpmI	29755
rpmJ	86366
rpoA	168632
rpoB	139909
rpoC	135528
rpoE	37529
rpoN1	1422
rpoZ	11281
rppH	602
rpsA	7988
rpsB	111091
rpsC	160380
rpsD	96298
rpsE	140725
rpsF	30127
rpsG	125506
rpsH	99925
rpsI	121402
rpsJ	27239
rpsK	70144
rpsL	125766
rpsM	73402
rpsN1	68278
rpsN2_1	335
rpsN2_2	222
rpsO	56156
rpsP	43501
rpsQ	143271
rpsR	27443
rpsS	69536
rpsT	22690
rpsU	111472
rsfS	18879
rsgA	8325
rsiV	650
rsmA_1	15110
rsmA_2	6094
rsmB	13843
rsmC	3265
rsmD	2789
rsmE	2618
rsmF	3957
rsmG	4301
rsmH_1	10702
rsmH_2	14753
rsmI	2900
rspR_1	1010
rspR_2	466
rsuA	4918
ruvA	6843
ruvB	11424
sacA	115
sacY	2527
sbcC	13732
sbcD	1681
scpA	5823
scpB	5266
scrB_1	50
scrB_2	18222
sdhA	3048
sdhB	2351
sdrD	2240
secA	29894
secE	172
secG	3569
secY	321096
sepF	19132
serS	9805
sfsA	4039
sgbE	13
sigA	26670
sigH	194
sigV	172
sipV	6201
sle1	16157
smc_1	16220
smc_2	32385
smc_3	1481
smc_4	649
smc_5	16157
smc_6	91
smpB	2430
sodA	21286
soj_1	8400
soj_2	3654
soj_3	902
soj_4	1729
soj_5	3300
sorA_1	0
sorA_2	10
sorA_3	13118
sorA_4	108
sorA_5	20
sorB_1	189
sorB_2	4
sorC_1	31
sorC_2	351
sorF	42
soxS	428
spoIIIE	13658
sppA	5473
spsB	2030
spxA_1	307
spxA_2	519
spxA_3	12672
spxA_4	120
spxA_5	13
srlA	12
srlB	34
srlE	33
srlR	134
srrA_1	5113
srrA_2	2627
srrB	727
ssaB_1	5248
ssaB_2	1078
ssbA	262
ssb_1	100062
ssb_2	676
ssb_3	649
sstT	2497
ssuB	502
steT_1	108
steT_2	3970
stp	15161
sttH	546
sufB_1	12570
sufB_2	8781
sufS	4335
sugC	997
sugE	261
suhB	2901
tadA_1	1182
tadA_2	2154
tag	921
tagG	5309
tagH	11541
tagO	5438
tcyP	66051
tdk	5292
tee6	789
tetA	61
tetR	970
tgt	3858
thiD	3462
thiI	9114
thiN	6712
thiO	2839
thiT	1230
thiY	1041
thlA	11189
thrB	3639
thrS	35136
thyA	4411
tig	92944
tilS	4716
tkt	57446
tlyA	5341
tmk	12126
tmpC	67718
topA	25494
topB_1	11509
topB_2	12227
topB_3	255
topB_4	190
tpiA	142024
tqsA_1	949
tqsA_2	1383
tqsA_3	6557
tqsA_4	3248
treA	10518
treB	6109
treP_1	74
treP_2	779
treP_3	10423
treR	2642
trmB	1684
trmD	5479
trmFO	15000
trmK	913
trmL	2545
trpS2	8884
truA	2463
truB	1752
trxA_1	4378
trxA_2	145
trxB	8508
tsaB	2764
tsaD	9875
tsaE	919
tsf	121490
tuf_1	728692
tuf_2	10539
typA	52986
tyrA	6580
tyrS1	21901
ubiB	1135
ubiE_1	940
ubiE_2	3188
udk	11426
ugd	3120
ugl_1	296
ugl_2	219
ugpB	20
ulaA_1	21
ulaA_2	102
ulaB_1	46
ulaB_2	14
ulaC	341
ulaD	16
ulaE	15
ulaG	1
ung	1187
upp	6642
uppP	3191
uppS	6929
uvrA	8219
uvrB	5101
uvrC_1	864
uvrC_2	4624
uxaA	178
uxaB	123
uxaC	251
uxuA_1	469
uxuA_2	27
valS	39181
vanA_1	0
vanA_2	0
vanH_1	0
vanH_2	0
vanX_1	763
vanX_2	0
vioD	225
vraR	6098
walK_1	2707
walK_2	11283
walK_3	283
walK_4	0
walR_1	7765
walR_2	7
walR_3	0
wbbD	7149
wbbL	6156
wbgU_1	25764
wbgU_2	1357
wecA	14820
whiA	4870
xerC_1	5290
xerC_2	136
xerC_3	1447
xerC_4	1217
xerD_1	337
xerD_2	2321
xerD_3	8125
xerD_4	681
xerD_5	437
xerS_1	701
xerS_2	1881
xpkA_1	748
xpkA_2	1514
xpkA_3	446
xpt	6134
xre	2356
xseA	5670
xseB	1326
xylB_1	2211
xylB_2	7
xylF	1129
xylG	12
xylH	20
xynB	262
yabA	3073
yacL	7674
yadH	994
ybaK_1	1427
ybaK_2	194
ybbH_1	1710
ybbH_2	1149
ybdH	1
ybeY	3037
ybhF	77
ybhL	14404
ybiT_1	22618
ybiT_2	1644
ybiT_3	5519
ybjG	147
ycaM	18543
yccF	158
yceM	1265
ychF	22523
yciC	1895
ycjO	11
ycjP	11
yckB	1494
yclM	3399
yclQ	690
ydbD	134
ydcP_1	11075
ydcP_2	12815
ydcV	1979
yddE	376
ydeA	353
ydfK	447
ydhF	2530
ydjZ	1098
yecD_1	3592
yecD_2	282
yecD_3	1133
yecS_1	693
yecS_2	640
yehU_1	30
yehU_2	121
yesO	49
yesS	194
yfbR	3273
yfdH	3192
yfiC	992
yfiY	1080
yfkJ	10212
yfkN	2207
yfmL	7334
yfmO_1	8
yfmO_2	40
yfnB_1	2033
yfnB_2	1337
ygaZ_1	958
ygaZ_2	7667
ygfA	1324
yghA	282
yhaM	6446
yhaO	1337
yhaX	1873
yhdG	14572
yhdN	4128
yheH	1956
yheI	1926
yheS_1	6624
yheS_2	1620
yhfK	1971
yhhX	6857
yidA_1	4734
yidA_2	196
yidA_3	4320
yidC	11896
yifK	3694
yigZ	1010
yitU	5436
yjaB	153
yjbK	1750
yjbM	1778
yjcD	6196
yjhB_1	312
yjhB_2	5956
yjhB_3	376
yjiA	1058
yjlD	13163
yjmB	41
yknY_1	171
yknY_2	5269
ykoD	75
ykuL	3909
ykuT	2048
ymfD	47
yniC	273
yoaB	508
yodB	6882
yodC_1	879
yodC_2	1027
yodJ	8327
yoeB	1967
yohK	1340
ypdA_1	497
ypdA_2	229
ypdF	13137
ypfD	43427
ypwA	15980
yqfL	1260
yqiK	4393
yrrK	10998
ysdC	7455
ysnF	1026
ytcD	84
yteP_1	23
yteP_2	38
yteP_3	14
yteR	58
yteT	126
ytfQ	47
ytlR	2413
ytpP	2929
yuaF	930
yugI_1	18403
yugI_2	1791
yumC	967
yurK	204
yutF	6049
yvbK	638
yvbW	281
yvcJ	5936
yvdD	7495
yvdM_1	1209
yvdM_2	64
yvgN	4900
yvoA_1	1331
yvoA_2	393
yvoA_3	1218
ywiB	1256
ywlC	5568
ywnA	752
ywpJ_1	935
ywpJ_2	5326
ywqC	4762
ywqD	3073
ywqE	2683
ywrO	1346
yxdL_1	784
yxdL_2	15
yxeP	1692
yycI	8181
yycJ	12360
zapA	2860
ziaA	2882
zitB	2076
znuA_1	668
znuA_2	1379
znuA_3	3863
znuB	1228
znuC_1	1759
znuC_2	871
znuC_3	1831
zosA	11000
zupT	2110
zur	1169
zwf	10759
__no_feature	2140834
__ambiguous	1164276
__too_low_aQual	304460
__not_aligned	174652
__alignment_not_unique	0
